year,ifs,cowcode,country.x,police,polity2_P4,additive_FA,additive_FA_lagged,gdp_WDI_log10,gdp_WDI,pop_WDI_log10,pop_WDI,cameo_protests,trade_WDI,lji_LS,repress_index,repress_index_lagged,geocode,countryname,auton,author
1994,ARG,160,Argentina,1,7,5,5,11.43906572,275000000000,7.536592175,34402672,0,18.13434587,0.425199986,3,3,Argentina,Argentina,0,1
1994,AUS,900,Australia,0,10,6,8,11.82152728,663000000000,7.251759855,17855000,0,36.52612843,0.983299971,2,0,Australia,Australia,0,1
1994,AUT,305,Austria,1,10,7,7,11.45158228,283000000000,6.899608117,7936118,0,65.98709334,0.976199985,1,1,Austria,Austria,0,1
1994,BEL,211,Belgium,0,10,8,8,11.53683358,344000000000,7.004991777,10115603,0,113.2322997,0.966700017,0,0,Belgium,Belgium,0,1
1994,BEN,434,Benin,1,6,6,8,9.546340592,3518362570,6.756956957,5714220,0,64.40047925,0.49180001,2,0,Benin,Benin,0,1
1994,BGD,771,Bangladesh,1,6,3,5,10.70204112,50354828680,8.052069105,112737683,0,22.86586455,0.503799975,5,3,Bangladesh,Bangladesh,0,0
1994,BGR,355,Bulgaria,1,8,4,3,10.49005597,30906937187,6.926527188,8443591,0,90.72012938,0.611400008,4,5,Bulgaria,Bulgaria,0,0
1994,BHR,692,Bahrain,1,-9,6,5,10.07495395,11883762234,5.74003329,549583,0,155.1781716,0.237200007,2,3,Bahrain,Bahrain,0,0
1994,BLR,370,Belarus (Byelorussia),0,7,7,7,10.37319074,23615151972,7.009748256,10227000,0,155.3757095,0.333700001,1,1,Belarus,Belarus,0,0
1994,BRA,140,Brazil,1,8,4,3,12.12225849,1330000000000,8.202577445,159432716,0,19.33290546,0.573000014,4,5,Brazil,Brazil,0,1
1994,CAN,20,Canada,0,10,7,8,11.99531967,989000000000,7.462407927,29000663,0,64.59258753,0.981299996,1,0,Canada,Canada,0,1
1994,CIV,437,Cote D<U+0092>Ivoire,1,-6,4,4,10.25133005,17837338328,7.137842355,13735433,0,69.83665802,0.263500005,4,4,Ivory Coast,Cote d'Ivoire,0,0
1994,CUB,40,Cuba,0,-7,3,3,10.48107272,30274202862,7.034967659,10838462,0,27.77589665,0.0394,5,5,Cuba,Cuba,0,0
1994,CZE,316,Czech Republic,0,10,6,8,11.1169131,131000000000,7.0142511,10333587,0,75.6995856,0.921000004,2,0,Czech Republic,Czech Rep.,0,1
1994,DEU,255,German Federal Republic,0,10,8,7,12.44686168,2800000000000,7.910828955,81438348,0,42.05788309,0.975199997,0,1,Germany,FRG/Germany,0,1
1994,DOM,42,Dominican Republic,1,5,2,5,10.37629617,23784617273,6.885570796,7683707,0,77.15790827,0.414999992,6,3,Dominican Republic,Dom. Rep.,0,0
1994,ECU,130,Ecuador,1,9,6,4,10.63395347,43048048229,7.049528161,11208001,0,43.7777475,0.528800011,2,4,Ecuador,Ecuador,0,0
1994,EGY,651,Egypt,1,-6,3,3,10.99468637,98783946377,7.786011384,61095804,0,50.62857143,0.370900005,5,5,Egypt,Egypt,0,0
1994,ESP,230,Spain,0,10,6,7,11.9626747,918000000000,7.597136693,39549108,0,41.64447874,0.933000028,2,1,Spain,Spain,1,1
1994,FRA,220,France,1,9,8,6,12.29619774,1980000000000,7.773253793,59327192,0,41.82623974,0.786000013,0,2,France,France,1,1
1994,GEO,372,Georgia,0,4,2,3,9.689318713,4890110951,6.684493117,4836076,0,166.9026155,0.351599991,6,5,Georgia,Georgia,1,0
1994,GHA,452,Ghana,0,-1,7,5,10.1544564,14271065399,7.219104232,16561674,0,62.02115274,0.301600009,1,3,Ghana,Ghana,0,0
1994,GRC,350,Greece,1,10,5,5,11.31378921,206000000000,7.021723442,10512922,0,36.16312189,0.779200017,3,3,Greece,Greece,1,0
1994,GTM,90,Guatemala,1,3,2,4,10.36856132,23364759975,7.007419032,10172297,0,42.3708927,0.330300003,6,4,Guatemala,Guatemala,0,0
1994,HUN,310,Hungary,0,10,8,7,10.95982264,91163845258,7.014661431,10343355,0,56.46018006,0.900200009,0,1,Hungary,Hungary,0,0
1994,IND,750,India,1,8,0,0,11.78139199,604000000000,8.975708304,945601831,0,20.07814438,0.716400027,8,8,India,India,0,1
1994,ITA,325,Italy/Sardinia,1,10,6,7,12.25904649,1820000000000,7.754680047,56843400,0,40.45502871,0.940800011,2,1,Italy,Italy,1,1
1994,MEX,70,Mexico,0,4,1,3,11.87790438,755000000000,7.954996562,90156400,0,30.70997185,0.439700007,7,5,Mexico,Mexico,0,1
1994,MOZ,541,Mozambique,1,5,3,6,9.512954264,3258023887,7.174584484,14948048,0,56.022226,0.282999992,5,2,Mozambique,Mozambique,0,0
1994,MYS,820,Malaysia,1,4,5,6,11.06856802,117000000000,7.300541139,19977500,0,179.9049427,0.469799995,3,2,Malaysia,Malaysia,0,1
1994,NGA,475,Nigeria,1,-7,2,2,11.16344167,146000000000,8.022402387,105293700,0,23.05923645,0.0601,6,6,Nigeria,Nigeria,0,0
1994,NPL,790,Nepal,0,5,6,3,9.920893208,8334762091,7.323064395,21040904,0,50.43207274,0.491400003,2,5,Nepal,Nepal,0,1
1994,SLV,92,El Salvador,1,7,6,5,10.13321996,13590015822,6.74522466,5561919,0,55.14864864,0.458299994,2,3,El Salvador,El Salvador,0,0
1994,TCD,483,Chad,1,-4,3,1,9.525330562,3352204942,6.831297139,6781053,0,50.98835136,0.018300001,5,7,Chad,Chad,0,0
1994,USA,2,United States of America,0,10,7,7,12.99781348,9950000000000,8.420163764,263126000,0,21.05545916,0.990199983,1,1,United States,USA,1,1
1994,VEN,101,Venezuela,1,8,1,1,11.42777976,268000000000,7.331924052,21474549,0,51.444814,0.479799986,7,7,Venezuela,Venezuela,0,1
1995,ARG,160,Argentina,1,7,7,5,11.42652915,267000000000,7.541930656,34828170,14,19.77142309,0.430200011,1,3,Argentina,Argentina,0,1
1995,AUS,900,Australia,0,10,8,6,11.83787556,688000000000,7.257006218,18072000,2,37.80155166,0.983399987,0,2,Australia,Australia,0,1
1995,AUT,305,Austria,1,10,7,7,11.46301755,290000000000,6.900273049,7948278,0,68.2566011,0.976199985,1,1,Austria,Austria,0,1
1995,BEL,211,Belgium,0,10,8,8,11.54706917,352000000000,7.005901349,10136811,1,116.3785678,0.967599988,0,0,Belgium,Belgium,0,1
1995,BEN,434,Benin,1,6,8,6,9.571831602,3731054577,6.771260939,5905558,0,63.80014001,0.485000014,0,2,Benin,Benin,0,1
1995,BGD,771,Bangladesh,1,6,3,3,10.72373175,52933639391,8.061339103,115169930,58,28.20949608,0.475800008,5,5,Bangladesh,Bangladesh,0,0
1995,BGR,355,Bulgaria,1,8,5,4,10.50230329,31790934141,6.924592847,8406067,4,55.59586718,0.602599978,3,4,Bulgaria,Bulgaria,0,0
1995,BHR,692,Bahrain,1,-9,4,6,10.09169485,12350793085,5.751045724,563697,2,152.4643154,0.236000001,4,2,Bahrain,Bahrain,0,0
1995,BRA,140,Brazil,1,8,2,4,12.14102939,1380000000000,8.209568349,162019896,3,16.98446,0.555599988,6,4,Brazil,Brazil,0,1
1995,BWA,571,Botswana,1,7,6,7,9.82276557,6649141424,6.167073234,1469174,0,94.59517165,0.756299973,2,1,Botswana,Botswana,0,1
1995,CAF,482,Central African Republic,1,5,5,5,9.157871945,1438374401,6.50821395,3222656,0,50.47589112,0.28549999,3,3,Central African Republic,Cent. Af. Rep.,0,0
1995,CAN,20,Canada,0,10,8,7,12.00686379,1020000000000,7.466901873,29302311,15,69.28235298,0.981700003,0,1,Canada,Canada,0,1
1995,CHL,155,Chile,1,8,4,5,11.06110928,115000000000,7.15778504,14380866,7,54.96715328,0.656700015,4,3,Chile,Chile,0,0
1995,CIV,437,Cote D<U+0092>Ivoire,1,-6,1,4,10.2812239,19108381523,7.152281065,14199762,29,76.20234391,0.274100006,7,4,Ivory Coast,Cote d'Ivoire,0,0
1995,COL,100,Colombia,1,7,0,0,11.26464313,184000000000,7.561357089,36421438,1,35.49723032,0.530300021,8,8,Colombia,Colombia,0,1
1995,CUB,40,Cuba,0,-7,3,3,10.4916152,31018100930,7.036958164,10888252,3,29.30841762,0.038400002,5,5,Cuba,Cuba,0,0
1995,CZE,316,Czech Republic,0,10,5,6,11.14312726,139000000000,7.013984817,10327253,2,83.8949552,0.915600002,3,2,Czech Republic,Czech Rep.,0,1
1995,DEU,255,German Federal Republic,0,10,8,8,12.45347582,2840000000000,7.912105366,81678051,0,43.58163421,0.977100015,0,0,Germany,FRG/Germany,0,1
1995,DOM,42,Dominican Republic,1,5,4,2,10.40031129,25136875214,6.893164932,7819247,2,73.89795938,0.418099999,4,6,Dominican Republic,Dom. Rep.,0,0
1995,ECU,130,Ecuador,1,9,5,6,10.64362761,44017726512,7.059002828,11455204,2,45.91127073,0.539499998,3,2,Ecuador,Ecuador,0,0
1995,EGY,651,Egypt,1,-6,4,3,11.01439452,103000000000,7.794725234,62334034,5,50.24509804,0.376700014,4,5,Egypt,Egypt,0,0
1995,ESP,230,Spain,0,10,6,6,11.9744882,943000000000,7.59905352,39724050,0,44.77537409,0.933300018,2,2,Spain,Spain,1,1
1995,FRA,220,France,1,9,8,8,12.30525246,2020000000000,7.774822682,59541899,27,43.64612858,0.787,0,0,France,France,1,1
1995,GHA,452,Ghana,0,-1,6,7,10.17195893,14857951393,7.230807883,17014057,1,57.42309429,0.31400001,2,1,Ghana,Ghana,0,0
1995,GRC,350,Greece,1,10,6,5,11.32281243,210000000000,7.023752454,10562153,5,37.1078808,0.796500027,2,3,Greece,Greece,1,0
1995,GTM,90,Guatemala,1,3,2,2,10.38953776,24520976222,7.017387688,10408489,4,44.68943034,0.348100007,6,6,Guatemala,Guatemala,0,0
1995,HUN,310,Hungary,0,10,8,8,10.96624386,92521753957,7.014056806,10328965,3,78.38470531,0.9199,0,0,Hungary,Hungary,0,0
1995,IND,750,India,1,9,0,0,11.81310106,650000000000,8.984042157,963922588,34,22.86744871,0.718100011,8,8,India,India,0,1
1995,ITA,325,Italy/Sardinia,1,10,6,6,12.27140709,1870000000000,7.754686946,56844303,2,45.68455417,0.93900001,2,2,Italy,Italy,1,1
1995,MAR,600,Morocco,1,-7,4,4,10.67273529,47069034480,7.431271266,26994250,0,51.71502538,0.280000001,4,4,Morocco,Morocco,0,0
1995,MEX,70,Mexico,0,4,2,1,11.8496847,707000000000,7.962195417,91663285,18,46.32101929,0.445100009,6,7,Mexico,Mexico,0,1
1995,MOZ,541,Mozambique,1,5,5,3,9.522635847,3331469545,7.189863136,15483286,0,60.80665677,0.28459999,3,5,Mozambique,Mozambique,0,0
1995,MYS,820,Malaysia,1,3,5,5,11.10928487,129000000000,7.311491235,20487607,0,192.1132003,0.460500002,3,3,Malaysia,Malaysia,0,1
1995,NGA,475,Nigeria,1,-6,4,2,11.16312558,146000000000,8.033215948,107948335,4,39.52837841,0.061099999,4,6,Nigeria,Nigeria,0,0
1995,NPL,790,Nepal,0,5,5,6,9.935701159,8623849303,7.333972363,21576071,3,59.4905184,0.491600007,3,2,Nepal,Nepal,0,1
1995,SGP,830,Singapore,0,-2,6,7,11.01652776,104000000000,6.547098254,3524506,0,345.4592639,0.385899991,2,1,Singapore,Singapore,0,0
1995,SLV,92,El Salvador,1,7,8,6,10.15331163,14233497577,6.750400386,5628600,3,59.36075434,0.467900008,0,2,El Salvador,El Salvador,0,0
1995,TCD,483,Chad,1,-4,3,3,9.530667896,3393656609,6.845727001,7010145,2,55.69655657,0.0184,5,5,Chad,Chad,0,0
1995,USA,2,United States of America,0,10,7,7,13.00931914,10200000000000,8.425335286,266278000,0,22.45338165,0.990400016,1,1,United States,USA,1,1
1995,VEN,101,Venezuela,1,8,1,1,11.44460995,278000000000,7.341060098,21931084,6,47.34234294,0.472499996,7,7,Venezuela,Venezuela,0,1
1996,ARG,160,Argentina,1,7,5,7,11.44989167,282000000000,7.547114445,35246374,8,21.50646841,0.448900014,3,1,Argentina,Argentina,0,1
1996,AUS,900,Australia,0,10,7,8,11.854402,715000000000,7.262712063,18311000,32,38.33233194,0.98360002,1,0,Australia,Australia,0,1
1996,AUT,305,Austria,1,10,8,7,11.47310433,297000000000,6.900859432,7959017,1,70.08367112,0.976000011,0,1,Austria,Austria,0,1
1996,BEL,211,Belgium,0,10,8,8,11.55277039,357000000000,7.006749931,10156637,9,119.2127758,0.968299985,0,0,Belgium,Belgium,0,1
1996,BEN,434,Benin,1,6,8,8,9.590217015,3892395974,6.784920907,6094259,1,56.51779145,0.477100015,0,0,Benin,Benin,0,1
1996,BGD,771,Bangladesh,1,6,3,3,10.74294329,55327785139,8.07059168,117649932,76,26.07608772,0.466300011,5,5,Bangladesh,Bangladesh,0,0
1996,BGR,355,Bulgaria,1,8,4,5,10.50535295,32014958711,6.922353061,8362826,13,86.58947271,0.594500005,4,3,Bulgaria,Bulgaria,0,0
1996,BHR,692,Bahrain,1,-9,3,4,10.10918732,12858411436,5.762427966,578666,22,164.1154193,0.235599995,5,4,Bahrain,Bahrain,0,0
1996,BLR,370,Belarus (Byelorussia),0,-7,4,5,10.33749189,21751633964,7.006893708,10160000,34,96.77489979,0.172199994,4,3,Belarus,Belarus,0,0
1996,BRA,140,Brazil,1,8,4,2,12.1505139,1410000000000,8.216468583,164614688,3,15.63559148,0.54430002,4,6,Brazil,Brazil,0,1
1996,BWA,571,Botswana,1,7,7,6,9.847373546,7036773076,6.17745858,1504730,0,90.95557528,0.782800019,1,2,Botswana,Botswana,0,1
1996,CAF,482,Central African Republic,1,5,5,5,9.140142758,1380838088,6.519596089,3308233,4,47.08440503,0.299800009,3,3,Central African Republic,Cent. Af. Rep.,0,0
1996,CAN,20,Canada,0,10,8,8,12.01383958,1030000000000,7.471441605,29610218,14,70.49052359,0.981999993,0,0,Canada,Canada,0,1
1996,CHL,155,Chile,1,8,5,4,11.08969321,123000000000,7.163976999,14587370,2,54.7679748,0.678900003,3,4,Chile,Chile,0,0
1996,CIV,437,Cote D<U+0092>Ivoire,1,-6,4,1,10.31355785,20585330896,7.166285828,14665127,0,73.51927601,0.282400012,4,7,Ivory Coast,Cote d'Ivoire,0,0
1996,COL,100,Colombia,1,7,0,0,11.27348047,188000000000,7.569097407,37076387,31,36.04410719,0.529299974,8,8,Colombia,Colombia,0,1
1996,CUB,40,Cuba,0,-7,3,3,10.52439005,33449532210,7.038989255,10939293,0,32.62533361,0.038600001,5,5,Cuba,Cuba,0,0
1996,CZE,316,Czech Republic,0,10,8,5,11.16108937,145000000000,7.013479379,10315241,3,81.49325044,0.900600016,0,3,Czech Republic,Czech Rep.,0,1
1996,DEU,255,German Federal Republic,0,10,8,8,12.45702608,2860000000000,7.91336254,81914831,0,45.00562096,0.977699995,0,0,Germany,FRG/Germany,0,1
1996,DOM,42,Dominican Republic,1,8,4,4,10.42552629,26639513654,6.90051804,7952763,1,72.64249087,0.429800004,4,4,Dominican Republic,Dom. Rep.,0,0
1996,ECU,130,Ecuador,1,9,4,5,10.65108411,44780002397,7.068303662,11703174,2,44.21570268,0.541100025,4,3,Ecuador,Ecuador,0,0
1996,EGY,651,Egypt,1,-6,3,4,11.0355378,109000000000,7.803468239,63601629,3,46.94856146,0.379999995,5,4,Egypt,Egypt,0,0
1996,ESP,230,Spain,0,10,5,6,11.98589151,968000000000,7.600862425,39889852,6,46.24521926,0.930800021,3,2,Spain,Spain,1,1
1996,FRA,220,France,1,9,8,8,12.3113448,2050000000000,7.776360441,59753100,44,44.32923995,0.778699994,0,0,France,France,1,1
1996,GHA,452,Ghana,0,2,6,6,10.19150084,15541782825,7.24210632,17462496,0,72.20494413,0.318800002,2,2,Ghana,Ghana,0,0
1996,GRC,350,Greece,1,10,6,6,11.33506857,216000000000,7.025666262,10608800,4,37.49623344,0.811200023,2,2,Greece,Greece,1,0
1996,GTM,90,Guatemala,1,8,3,2,10.40219693,25246252728,7.027213956,10646674,2,40.39295296,0.375800014,5,6,Guatemala,Guatemala,0,0
1996,HUN,310,Hungary,0,10,7,8,10.96660164,92598006819,7.013310811,10311238,2,83.29220667,0.92839998,1,0,Hungary,Hungary,0,0
1996,IND,750,India,1,9,0,0,11.84470948,699000000000,8.992272988,982365243,38,21.92948787,0.719399989,8,8,India,India,0,1
1996,ITA,325,Italy/Sardinia,1,10,7,6,12.27687293,1890000000000,7.754809002,56860281,13,42.87869833,0.933200002,1,2,Italy,Italy,1,1
1996,MAR,600,Morocco,1,-7,3,4,10.72339679,52892827881,7.437488528,27383473,3,47.09554345,0.289200008,5,4,Morocco,Morocco,0,0
1996,MEX,70,Mexico,0,4,1,2,11.87814708,755000000000,7.969169077,93147044,17,50.41920008,0.451200008,7,6,Mexico,Mexico,0,1
1996,MOZ,541,Mozambique,1,5,4,5,9.568759117,3704751797,7.203044914,15960442,2,45.31325657,0.28580001,4,3,Mozambique,Mozambique,0,0
1996,MYS,820,Malaysia,1,3,7,5,11.15068891,141000000000,7.322583391,21017613,3,181.7669825,0.450500011,1,3,Malaysia,Malaysia,0,1
1996,NGA,475,Nigeria,1,-6,3,4,11.18097699,152000000000,8.044025177,110668794,10,40.25772925,0.0634,5,4,Nigeria,Nigeria,0,0
1996,SDN,625,Sudan,1,-7,0,2,10.43021609,26928743520,7.394143065,24782383,4,23.2061102,0.044100001,8,6,Sudan,Sudan,0,1
1996,SGP,830,Singapore,0,-2,5,6,11.04782372,112000000000,6.564749365,3670704,0,334.9111633,0.398900002,3,2,Singapore,Singapore,0,0
1996,SLV,92,El Salvador,1,7,5,8,10.15684833,14349882108,6.755107534,5689938,1,55.28185673,0.473699987,3,0,El Salvador,El Salvador,0,0
1996,TCD,483,Chad,1,-2,3,3,9.54018029,3468808220,6.860396408,7250975,0,46.61003319,0.0187,5,5,Chad,Chad,0,0
1996,USA,2,United States of America,0,10,7,7,13.02540009,10600000000000,8.430387919,269394000,0,22.68707199,0.990800023,1,1,United States,USA,1,1
1996,VEN,101,Venezuela,1,8,2,1,11.443751,278000000000,7.349969709,22385650,20,55.97242779,0.466199994,6,7,Venezuela,Venezuela,0,1
1997,ARG,160,Argentina,1,7,5,5,11.48376127,305000000000,7.552150026,35657429,22,23.33617884,0.466600001,3,3,Argentina,Argentina,0,1
1997,AUS,900,Australia,0,10,7,7,11.87129499,744000000000,7.267570627,18517000,29,38.07481123,0.984300017,1,1,Australia,Australia,0,1
1997,AUT,305,Austria,1,10,8,8,11.48210145,303000000000,6.90135156,7968041,0,74.86769022,0.976000011,0,0,Austria,Austria,0,1
1997,BEL,211,Belgium,0,10,8,8,11.56894057,371000000000,7.007800888,10181245,5,125.6889401,0.967899978,0,0,Belgium,Belgium,0,1
1997,BEN,434,Benin,1,6,8,8,9.614434504,4115612754,6.798072974,6281639,0,58.71162961,0.478100002,0,0,Benin,Benin,0,1
1997,BGD,771,Bangladesh,1,6,4,3,10.76201758,57811945427,8.079761958,120160564,23,26.32551339,0.463200003,4,5,Bangladesh,Bangladesh,0,0
1997,BGR,355,Bulgaria,1,8,5,4,10.50059833,31666373359,6.919709087,8312068,61,87.26924647,0.575299978,3,4,Bulgaria,Bulgaria,0,0
1997,BHR,692,Bahrain,1,-9,5,3,10.12241649,13256122074,5.774466599,594931,2,148.5820781,0.236000001,3,5,Bahrain,Bahrain,0,0
1997,BRA,140,Brazil,1,8,4,4,12.16501272,1460000000000,8.223259753,167209040,17,16.57620926,0.538699985,4,4,Brazil,Brazil,0,1
1997,BWA,571,Botswana,1,8,7,7,9.882105815,7622647125,6.187640558,1540425,0,108.6044152,0.816200018,1,1,Botswana,Botswana,0,1
1997,CAF,482,Central African Republic,1,5,6,5,9.162570865,1454021623,6.530511663,3392436,0,55.81850836,0.308200002,2,3,Central African Republic,Cent. Af. Rep.,0,0
1997,CAN,20,Canada,0,10,8,8,12.03204227,1080000000000,7.475757574,29905948,8,74.58291846,0.981899977,0,0,Canada,Canada,0,1
1997,CHL,155,Chile,1,8,5,5,11.12081075,132000000000,7.169857164,14786220,9,54.9466136,0.699299991,3,3,Chile,Chile,0,0
1997,CIV,437,Cote D<U+0092>Ivoire,1,-6,5,4,10.32951897,21355953698,7.179857958,15130663,0,78.20804764,0.290699989,3,4,Ivory Coast,Cote d'Ivoire,0,0
1997,COL,100,Colombia,1,7,0,0,11.28812845,194000000000,7.576615434,37723800,8,35.59706809,0.522400022,8,8,Colombia,Colombia,0,1
1997,CUB,40,Cuba,0,-7,4,3,10.53631313,34380574866,7.040987102,10989732,0,32.75419893,0.0405,4,5,Cuba,Cuba,0,0
1997,CZE,316,Czech Republic,0,10,8,8,11.15849819,144000000000,7.013011371,10304131,2,85.07416815,0.888199985,0,0,Czech Republic,Czech Rep.,0,1
1997,DEU,255,German Federal Republic,0,10,8,8,12.46470411,2920000000000,7.91399797,82034771,0,49.64265864,0.977999985,0,0,Germany,FRG/Germany,0,1
1997,DOM,42,Dominican Republic,1,8,4,4,10.46249542,29006506120,6.907648169,8084407,20,74.23323717,0.444700003,4,4,Dominican Republic,Dom. Rep.,0,0
1997,ECU,130,Ecuador,1,8,4,4,10.66948443,46718020342,7.077420672,11951452,36,45.01718632,0.533500016,4,4,Ecuador,Ecuador,0,0
1997,EGY,651,Egypt,1,-6,4,3,11.05875618,114000000000,7.812192967,64892270,4,43.73824746,0.378899992,4,5,Egypt,Egypt,0,0
1997,ESP,230,Spain,0,10,6,5,12.0016818,1000000000000,7.602682638,40057389,10,51.16625712,0.925700009,2,3,Spain,Spain,1,1
1997,FRA,220,France,1,9,8,8,12.3213747,2100000000000,7.777896759,59964851,33,48.03349688,0.763599992,0,0,France,France,1,1
1997,GEO,372,Georgia,0,5,1,2,9.790007961,6166063040,6.638480571,4349913,3,57.75306593,0.336899996,7,6,Georgia,Georgia,1,0
1997,GHA,452,Ghana,0,2,5,6,10.20935337,16193971588,7.253070973,17908985,1,85.40183797,0.331400007,3,2,Ghana,Ghana,0,0
1997,GRC,350,Greece,1,10,6,6,11.35411997,226000000000,7.027808494,10661259,12,39.27422875,0.822799981,2,2,Greece,Greece,1,0
1997,GTM,90,Guatemala,1,8,4,3,10.42074802,26348021902,7.036933513,10887634,0,41.55195116,0.397700012,4,5,Guatemala,Guatemala,0,0
1997,HUN,310,Hungary,0,10,7,7,10.98004192,95508477116,7.012435886,10290486,4,94.84871912,0.931100011,1,1,Hungary,Hungary,0,0
1997,IND,750,India,1,9,0,0,11.86195118,728000000000,9.000390702,1000900030,82,22.61938687,0.719600022,8,8,India,India,0,1
1997,ITA,325,Italy/Sardinia,1,10,7,7,12.28475098,1930000000000,7.755038774,56890372,2,44.58850598,0.932099998,1,1,Italy,Italy,1,1
1997,MEX,70,Mexico,0,6,2,1,11.90690851,807000000000,7.9759416420000004,94611002,21,48.77736168,0.458600014,6,7,Mexico,Mexico,0,1
1997,MOZ,541,Mozambique,1,5,3,4,9.615255187,4123397347,7.214769244,16397183,1,39.00201728,0.288700014,5,4,Mozambique,Mozambique,0,0
1997,NGA,475,Nigeria,1,-6,2,3,11.19354755,156000000000,8.054833834,113457663,2,51.46101079,0.069799997,6,5,Nigeria,Nigeria,0,0
1997,PHL,840,Philippines,0,8,2,2,11.06870151,117000000000,7.863506558,73030884,5,108.2503174,0.507600009,6,6,Philippines,Philippines,1,1
1997,SGP,830,Singapore,0,-2,5,5,11.08253046,121000000000,6.579330551,3796038,0,323.8644221,0.412999988,3,3,Singapore,Singapore,0,0
1997,SLV,92,El Salvador,1,7,7,5,10.17025415,14799742244,6.759387086,5746284,0,63.55709275,0.475400001,1,3,El Salvador,El Salvador,0,0
1997,TCD,483,Chad,1,-2,2,3,9.564063736,3664913557,6.875263482,7503493,0,49.31310114,0.0189,6,5,Chad,Chad,0,0
1997,USA,2,United States of America,0,10,7,7,13.04429668,11100000000000,8.435616652,272657000,1,23.42832108,0.99089998,1,1,United States,USA,1,1
1997,VEN,101,Venezuela,1,8,2,2,11.47057365,296000000000,7.358653181,22837743,5,51.24503641,0.456999987,6,6,Venezuela,Venezuela,0,1
1998,ARG,160,Argentina,1,7,3,5,11.50016921,316000000000,7.557067379,36063459,5,23.35002797,0.473399997,5,3,Argentina,Argentina,0,1
1998,AUS,900,Australia,0,10,7,7,11.89073,778000000000,7.272096999,18711000,33,40.07043056,0.984600008,1,1,Australia,Australia,0,1
1998,AUT,305,Austria,1,10,6,8,11.49738445,314000000000,6.901828104,7976789,0,76.92714939,0.975499988,2,0,Austria,Austria,0,1
1998,BEL,211,Belgium,0,10,7,8,11.57737919,378000000000,7.008728227,10203008,2,124.7091226,0.965399981,1,0,Belgium,Belgium,0,1
1998,BEN,434,Benin,1,6,7,8,9.631305003,4278632675,6.810922068,6470265,0,59.5936253,0.474700004,1,0,Benin,Benin,0,1
1998,BGD,771,Bangladesh,1,6,3,4,10.78393847,60804885377,8.088783732,122682815,25,27.8800634,0.462399989,5,4,Bangladesh,Bangladesh,0,0
1998,BGR,355,Bulgaria,1,8,4,5,10.52733165,33676864762,6.916811029,8256786,0,77.50169175,0.561999977,4,3,Bulgaria,Bulgaria,0,0
1998,BHR,692,Bahrain,1,-9,3,5,10.14273635,13891090691,5.787956123,613700,0,128.4891015,0.235200003,5,3,Bahrain,Bahrain,0,0
1998,BLR,370,Belarus (Byelorussia),0,-7,4,5,10.41940635,26266750331,7.002986341,10069000,16,122.9576977,0.156900004,4,3,Belarus,Belarus,0,0
1998,BRA,140,Brazil,1,8,2,4,12.16647748,1470000000000,8.229899958,169785250,31,16.43858493,0.532100022,6,4,Brazil,Brazil,0,1
1998,BWA,571,Botswana,1,8,6,7,9.88402836,7656466027,6.197507711,1575824,0,101.8410393,0.843299985,2,1,Botswana,Botswana,0,1
1998,CAF,482,Central African Republic,1,5,4,6,9.182518137,1522362710,6.541016293,3475492,1,51.04953188,0.311399996,4,2,Central African Republic,Cent. Af. Rep.,0,0
1998,CAN,20,Canada,0,10,7,8,12.04401814,1110000000000,7.479361824,30155173,2,78.35142618,0.981299996,1,0,Canada,Canada,0,1
1998,CHL,155,Chile,1,8,2,5,11.13919564,138000000000,7.175446084,14977733,34,54.32116368,0.729600012,6,3,Chile,Chile,0,0
1998,CIV,437,Cote D<U+0092>Ivoire,1,-6,3,5,10.35042146,22408947356,7.192829791,15589414,1,76.3666435,0.299499989,5,3,Ivory Coast,Cote d'Ivoire,0,0
1998,COL,100,Colombia,1,7,0,0,11.29059549,195000000000,7.58392738,38364309,5,35.90892305,0.515299976,8,8,Colombia,Colombia,0,1
1998,CUB,40,Cuba,0,-7,3,4,10.53700375,34435290194,7.042917616,11038692,1,32.50463298,0.043099999,5,4,Cuba,Cuba,0,0
1998,CZE,316,Czech Republic,0,10,7,8,11.15706975,144000000000,7.0125999,10294373,0,84.68860957,0.869799972,1,0,Czech Republic,Czech Rep.,0,1
1998,DEU,255,German Federal Republic,0,10,8,8,12.47338623,2970000000000,7.914063738,82047195,0,51.58497235,0.978299975,0,0,Germany,FRG/Germany,0,1
1998,DOM,42,Dominican Republic,1,8,2,4,10.49071876,30954141508,6.914577222,8214426,3,75.91130271,0.459100008,6,4,Dominican Republic,Dom. Rep.,0,0
1998,ECU,130,Ecuador,1,9,6,4,10.68344401,48244078213,7.086304615,12198449,6,43.39510795,0.520399988,2,4,Ecuador,Ecuador,0,0
1998,EGY,651,Egypt,1,-6,5,4,11.08232212,121000000000,7.820859754,66200269,5,41.927627,0.373699993,3,4,Egypt,Egypt,0,0
1998,ESP,230,Spain,0,10,8,6,12.02035299,1050000000000,7.604479955,40223509,3,52.66145437,0.915000021,0,2,Spain,Spain,1,1
1998,FRA,220,France,1,9,6,8,12.33668783,2170000000000,7.779497559,60186288,23,49.50676679,0.746599972,2,0,France,France,1,1
1998,GEO,372,Georgia,0,5,1,1,9.80328728,6357513331,6.627735157,4243607,3,53.56666932,0.338099986,7,7,Georgia,Georgia,1,0
1998,GHA,452,Ghana,0,2,7,5,10.22930168,16955151545,7.263805399,18357156,0,80.59954325,0.345600009,1,3,Ghana,Ghana,0,0
1998,GRC,350,Greece,1,10,8,6,11.37071474,235000000000,7.030215406,10720509,18,42.26828025,0.83950001,0,2,Greece,Greece,1,0
1998,HUN,310,Hungary,0,10,8,7,10.99665748,99233310109,7.011425373,10266570,1,107.4299006,0.928600013,0,1,Hungary,Hungary,0,0
1998,IND,750,India,1,9,0,0,11.88801147,773000000000,9.008380236,1019483581,90,23.69947008,0.719600022,8,8,India,India,0,1
1998,ITA,325,Italy/Sardinia,1,10,8,7,12.29254403,1960000000000,7.755163738,56906744,3,45.09273823,0.930299997,0,1,Italy,Italy,1,1
1998,MAR,600,Morocco,1,-6,6,3,10.74691624,55836249261,7.44886769,28110443,5,50.79768215,0.308600008,2,5,Morocco,Morocco,0,0
1998,MEX,70,Mexico,0,6,3,2,11.92877569,849000000000,7.982525949,96056321,35,50.99612163,0.466199994,5,6,Mexico,Mexico,0,1
1998,MOZ,541,Mozambique,1,5,4,3,9.656358603,4532716982,7.225669726,16813949,1,35.57719469,0.291500002,4,5,Mozambique,Mozambique,0,0
1998,NGA,475,Nigeria,1,-1,4,2,11.20461642,160000000000,8.065653494,116319759,40,39.27860747,0.116800003,4,6,Nigeria,Nigeria,0,0
1998,NPL,790,Nepal,0,5,1,3,9.992542814,9829757721,7.362819431,23057883,0,56.70960129,0.479600012,7,5,Nepal,Nepal,0,1
1998,SDN,625,Sudan,1,-7,0,0,10.4921603,31057056883,7.415232528,26015521,1,21.87513604,0.0469,8,8,Sudan,Sudan,1,1
1998,SGP,830,Singapore,0,-2,7,5,11.07288928,118000000000,6.594084457,3927213,0,312.0792557,0.429500014,1,3,Singapore,Singapore,0,0
1998,SLV,92,El Salvador,1,7,6,7,10.18163076,15192553144,6.763260608,5797765,1,60.87229075,0.471899986,2,1,El Salvador,El Salvador,0,0
1998,TCD,483,Chad,1,-2,1,2,9.59325094,3919682952,6.890423702,7770048,0,48.0589829,0.019200001,7,6,Chad,Chad,0,0
1998,USA,2,United States of America,0,10,7,7,13.06333711,11600000000000,8.440679286,275854000,0,22.82589093,0.99089998,1,1,United States,USA,1,1
1998,VEN,101,Venezuela,1,8,3,2,11.47184889,296000000000,7.36714271,23288564,4,43.59939293,0.446399987,5,6,Venezuela,Venezuela,0,1
1999,ARG,160,Argentina,1,8,4,3,11.48521161,306000000000,7.561902633,36467218,10,21.38274496,0.496600002,4,5,Argentina,Argentina,0,1
1999,AUS,900,Australia,0,10,7,7,11.91222365,817000000000,7.277058836,18926000,24,39.13464841,0.984799981,1,1,Australia,Australia,0,1
1999,AUT,305,Austria,1,10,7,6,11.51256033,326000000000,6.902673081,7992324,1,78.26014034,0.974900007,1,2,Austria,Austria,0,1
1999,BEL,211,Belgium,0,10,7,7,11.59249875,391000000000,7.009723583,10226419,6,125.1699905,0.964399993,1,1,Belgium,Belgium,0,1
1999,BEN,434,Benin,1,6,8,7,9.653904293,4507173673,6.823741375,6664098,3,64.67000785,0.463499993,0,1,Benin,Benin,0,1
1999,BGD,771,Bangladesh,1,6,4,3,10.80376135,63644568604,8.097568429,125189651,57,28.38794056,0.4542,4,5,Bangladesh,Bangladesh,0,0
1999,BGR,355,Bulgaria,1,8,5,4,10.48918856,30845268715,6.914376164,8210624,4,90.70963539,0.551199973,3,4,Bulgaria,Bulgaria,0,0
1999,BHR,692,Bahrain,1,-9,5,3,10.16102065,14488407447,5.803826382,636541,0,141.8316988,0.234799996,3,5,Bahrain,Bahrain,0,0
1999,BRA,140,Brazil,1,8,4,2,12.16850632,1470000000000,8.236332347,172318675,31,20.98216648,0.532599986,4,6,Brazil,Brazil,0,1
1999,BWA,571,Botswana,1,8,7,6,9.924105276,8396635030,6.206897084,1610264,0,98.9290812,0.864899993,1,2,Botswana,Botswana,0,1
1999,CAN,20,Canada,0,10,8,7,12.06093192,1150000000000,7.482891955,30401286,9,80.39091729,0.981400013,0,1,Canada,Canada,0,1
1999,CHL,155,Chile,1,8,4,2,11.13740159,137000000000,7.180779407,15162800,9,55.34726711,0.776799977,4,6,Chile,Chile,0,0
1999,CIV,437,Cote D<U+0092>Ivoire,1,-1,3,3,10.35739008,22771418229,7.205003226,16032573,6,76.54000125,0.306400001,5,5,Ivory Coast,Cote d'Ivoire,0,0
1999,COL,100,Colombia,1,7,1,0,11.27194378,187000000000,7.591058716,38999471,2,36.14927931,0.506600022,7,8,Colombia,Colombia,0,1
1999,CUB,40,Cuba,0,-7,4,3,10.56308228,36566406042,7.044722768,11084670,2,31.86893225,0.0462,4,5,Cuba,Cuba,0,0
1999,CZE,316,Czech Republic,0,10,8,7,11.16324787,146000000000,7.012156156,10283860,12,86.26125292,0.853100002,0,1,Czech Republic,Czech Rep.,0,1
1999,DEU,255,German Federal Republic,0,10,6,8,12.48152575,3030000000000,7.914344443,82100243,0,53.36584963,0.978399992,2,0,Germany,FRG/Germany,0,1
1999,DOM,42,Dominican Republic,1,8,4,2,10.51577893,32792832723,6.921336975,8343283,6,76.30275328,0.471300006,4,6,Dominican Republic,Dom. Rep.,0,0
1999,ECU,130,Ecuador,1,9,3,6,10.66235739,45957605226,7.094894211,12442115,23,49.2012508,0.493999988,5,2,Ecuador,Ecuador,0,0
1999,EGY,651,Egypt,1,-6,3,5,11.10784737,128000000000,7.829404074,67515591,0,38.36150845,0.367799997,5,3,Egypt,Egypt,0,0
1999,ESP,230,Spain,0,10,7,8,12.03942998,1100000000000,7.60624025,40386875,9,54.63646695,0.913200021,1,0,Spain,Spain,1,1
1999,FRA,220,France,1,9,6,6,12.35129759,2250000000000,7.781731814,60496718,9,49.7609206,0.731299996,2,2,France,France,1,0
1999,GHA,452,Ghana,0,2,6,7,10.24800216,17701177686,7.274443258,18812359,4,81.70510403,0.360100001,2,1,Ghana,Ghana,0,0
1999,GRC,350,Greece,1,10,7,8,11.38385664,242000000000,7.0318808,10761698,27,47.37759844,0.834100008,1,0,Greece,Greece,1,0
1999,GTM,90,Guatemala,1,8,4,5,10.45830476,28727958122,7.056417063,11387203,0,46.36050685,0.409299999,4,3,Guatemala,Guatemala,0,0
1999,HUN,310,Hungary,0,10,7,8,11.00979497,102000000000,7.010195187,10237530,4,114.0257748,0.92019999,1,0,Hungary,Hungary,0,0
1999,IND,750,India,1,9,0,0,11.92482336,841000000000,9.016221685,1038058156,175,24.81559804,0.717299998,8,8,India,India,0,1
1999,ITA,325,Italy/Sardinia,1,10,5,8,12.29954652,1990000000000,7.75523679,56916317,10,44.6207908,0.919399977,3,0,Italy,Italy,1,1
1999,MAR,600,Morocco,1,-6,4,6,10.7515872,56440024805,7.454166358,28455509,7,53.98669265,0.321799994,4,2,Morocco,Morocco,0,0
1999,MEX,70,Mexico,1,6,3,3,11.94057226,872000000000,7.988937048,97484832,22,50.61797144,0.474299997,5,5,Mexico,Mexico,0,1
1999,MOZ,541,Mozambique,1,5,3,4,9.704417774,5063114793,7.236642749,17244188,1,44.61347831,0.293900013,5,4,Mozambique,Mozambique,0,0
1999,MYS,820,Malaysia,1,3,5,5,11.17405108,149000000000,7.355284782,22661298,47,217.5709194,0.432000011,3,3,Malaysia,Malaysia,0,1
1999,NGA,475,Nigeria,1,4,2,4,11.20714406,161000000000,8.076495034,119260063,19,34.45783118,0.210199997,6,4,Nigeria,Nigeria,0,0
1999,NPL,790,Nepal,0,6,2,1,10.01129561,10263502983,7.371251964,23509964,4,52.56698125,0.466800004,6,7,Nepal,Nepal,0,1
1999,SDN,625,Sudan,1,-7,0,0,10.50543621,32021097644,7.425314409,26626520,0,24.71436749,0.046599999,8,8,Sudan,Sudan,1,1
1999,SLV,92,El Salvador,1,7,5,6,10.19091384,15520790788,6.766773073,5844846,2,60.99048962,0.469300002,3,2,El Salvador,El Salvador,0,0
1999,USA,2,United States of America,0,10,7,7,13.08350262,12100000000000,8.445666463,279040000,0,23.27347266,0.9903,1,1,United States,USA,1,1
1999,VEN,101,Venezuela,1,7,4,3,11.44511359,279000000000,7.375477806,23739841,5,42.07023048,0.432900012,4,5,Venezuela,Venezuela,0,1
2000,AUS,900,Australia,0,10,7,7,11.92897777,849000000000,7.282236809,19153000,66,41.02901118,0.984799981,1,1,Australia,Australia,0,1
2000,AUT,305,Austria,1,10,5,7,11.52697862,336000000000,6.903717415,8011566,18,85.36049562,0.9745,3,1,Austria,Austria,0,1
2000,BEL,211,Belgium,0,10,8,7,11.60834736,406000000000,7.010776825,10251250,2,142.2301351,0.963400006,0,1,Belgium,Belgium,0,1
2000,BEN,434,Benin,1,6,7,8,9.67863615,4771293694,6.8367007,6865951,0,55.99169036,0.446500003,1,0,Benin,Benin,0,1
2000,BGD,771,Bangladesh,1,6,2,4,10.82616206,67013463193,8.106047539,127657854,41,29.32171436,0.443399996,6,4,Bangladesh,Bangladesh,0,0
2000,BGR,355,Bulgaria,1,8,4,5,10.50940797,32315283606,6.912231199,8170172,3,78.29438767,0.539099991,4,3,Bulgaria,Bulgaria,0,0
2000,BHR,692,Bahrain,1,-9,3,5,10.18344931,15256303191,5.822567525,664611,1,135.8091353,0.230900005,5,3,Bahrain,Bahrain,0,0
2000,BLR,370,Belarus (Byelorussia),1,-7,4,5,10.45841256,28735090095,6.99911357,9979610,36,141.609166,0.163200006,4,3,Belarus,Belarus,0,0
2000,BRA,140,Brazil,1,8,2,4,12.18715678,1540000000000,8.242517427,174790340,36,22.63976136,0.535700023,6,4,Brazil,Brazil,0,1
2000,BWA,571,Botswana,1,8,7,7,9.932653057,8563534596,6.215725841,1643334,0,91.92472969,0.880500019,1,1,Botswana,Botswana,0,1
2000,CAF,482,Central African Republic,1,5,3,5,9.186929472,1537904869,6.561152327,3640427,7,45.65978199,0.289000005,5,3,Central African Republic,Cent. Af. Rep.,0,0
2000,CAN,20,Canada,0,10,7,8,12.08177923,1210000000000,7.486936459,30685730,12,83.04164705,0.98150003,1,0,Canada,Canada,0,1
2000,CIV,437,Cote D<U+0092>Ivoire,1,4,1,3,10.34831293,22300414202,7.216289124,16454668,60,74.63780424,0.315800011,7,5,Ivory Coast,Cote d'Ivoire,0,0
2000,COL,100,Colombia,1,7,0,1,11.28446457,193000000000,7.598023722,39629968,17,32.66708547,0.492799997,8,7,Colombia,Colombia,0,1
2000,CUB,40,Cuba,0,-7,4,4,10.58803876,38729221264,7.04635584,11126430,6,31.07598788,0.051800001,4,4,Cuba,Cuba,0,0
2000,CZE,316,Czech Republic,0,10,7,8,11.18139192,152000000000,7.010938333,10255063,84,98.2331208,0.832499981,1,0,Czech Republic,Czech Rep.,0,1
2000,DEU,255,German Federal Republic,0,10,8,6,12.49392068,3120000000000,7.914932615,82211508,0,61.526061,0.978799999,0,2,Germany,FRG/Germany,0,1
2000,DOM,42,Dominican Republic,1,8,4,4,10.53556698,34321556630,6.927951139,8471321,1,79.3003931,0.474299997,4,4,Dominican Republic,Dom. Rep.,0,0
2000,ECU,130,Ecuador,1,6,6,3,10.66707333,46459371078,7.103157715,12681123,21,59.4646993,0.483200014,2,5,Ecuador,Ecuador,0,0
2000,EGY,651,Egypt,1,-6,4,3,11.1346647,136000000000,7.837787619,68831561,11,39.0179359,0.361999989,4,5,Egypt,Egypt,0,0
2000,ESP,230,Spain,0,10,6,7,12.0616334,1150000000000,7.608182142,40567864,20,60.08233375,0.91109997,2,1,Spain,Spain,1,1
2000,FRA,220,France,1,9,6,6,12.36801153,2330000000000,7.784706424,60912500,4,55.86124572,0.717700005,2,2,France,France,1,1
2000,GEO,372,Georgia,0,5,5,2,9.8234842,6660152912,6.610354666,4077131,9,62.66139564,0.351900011,3,6,Georgia,Georgia,1,0
2000,GHA,452,Ghana,0,2,5,6,10.26378092,18356121267,7.285081259,19278856,2,116.0484302,0.376800001,3,2,Ghana,Ghana,0,0
2000,GRC,350,Greece,1,10,7,7,11.40055526,252000000000,7.033657247,10805808,2,58.41567754,0.819999993,1,1,Greece,Greece,1,0
2000,GTM,90,Guatemala,1,8,2,4,10.47370169,29764712424,7.066353622,11650743,5,49.1455879,0.416000009,6,4,Guatemala,Guatemala,0,0
2000,HUN,310,Hungary,0,10,8,7,11.028823300000001,107000000000,7.009067043,10210971,6,137.4066012,0.902700007,0,1,Hungary,Hungary,0,0
2000,IND,750,India,1,9,1,0,11.94119181,873000000000,9.023900556,1056575549,240,26.90092291,0.71450001,7,8,India,India,0,1
2000,ITA,325,Italy/Sardinia,1,10,7,5,12.31568912,2070000000000,7.755433541,56942108,17,50.40558983,0.897899985,1,3,Italy,Italy,1,1
2000,MAR,600,Morocco,1,-6,4,4,10.75981624,57519650790,7.459297159,28793679,15,59.16182679,0.331499994,4,4,Morocco,Morocco,0,0
2000,MEX,70,Mexico,1,8,2,3,11.9615236,915000000000,7.995195611,98899845,21,52.43268175,0.48089999,6,5,Mexico,Mexico,0,1
2000,MOZ,541,Mozambique,1,5,2,3,9.70954902,5123290955,7.248265814,17711927,17,47.16447668,0.298200011,6,5,Mozambique,Mozambique,0,0
2000,NGA,475,Nigeria,1,4,1,2,11.22840036,169000000000,8.087369104,122283850,18,48.99559947,0.262199998,7,6,Nigeria,Nigeria,0,0
2000,NPL,790,Nepal,0,6,1,2,10.03742013,10899840167,7.379144282,23941110,18,55.710589,0.441300005,7,6,Nepal,Nepal,0,1
2000,SDN,625,Sudan,1,-7,0,0,10.53215683,34053114158,7.435764998,27275015,8,29.40423446,0.045600001,8,8,Sudan,Sudan,0,1
2000,SGP,830,Singapore,0,-2,6,6,11.13464559,136000000000,6.605077278,4027887,0,364.3645205,0.444099993,2,2,Singapore,Singapore,0,0
2000,SLV,92,El Salvador,1,7,6,5,10.19577692,15695563747,6.769963081,5887936,0,68.7100889,0.46509999,2,3,El Salvador,El Salvador,0,0
2000,TCD,483,Chad,1,-2,3,3,9.586437879,3858672133,6.921980448,8355654,0,51.57117201,0.0207,5,5,Chad,Chad,0,0
2000,USA,2,United States of America,0,10,7,7,13.10106968,12600000000000,8.450499158,282162411,0,25.04363522,0.989799976,1,1,United States,USA,1,1
2000,VEN,101,Venezuela,1,7,4,4,11.46083773,289000000000,7.38367978,24192446,2,47.85722155,0.418900013,4,4,Venezuela,Venezuela,0,1
2001,ARG,160,Argentina,1,8,3,3,11.46218979,290000000000,7.571425249,37275652,120,21.85225545,0.492000014,5,5,Argentina,Argentina,0,1
2001,AUS,900,Australia,0,10,7,7,11.93728313,866000000000,7.288092655,19413000,75,44.36520836,0.984600008,1,1,Australia,Australia,0,1
2001,AUT,305,Austria,1,10,7,5,11.53244734,341000000000,6.905379891,8042293,13,87.53666476,0.97390002,1,3,Austria,Austria,0,1
2001,BEL,211,Belgium,0,10,7,8,11.61309622,410000000000,7.012270586,10286570,4,139.5768398,0.961799979,1,0,Belgium,Belgium,0,1
2001,BEN,434,Benin,1,6,7,7,9.701189928,5025623251,6.84983281,7076733,0,57.27591999,0.434799999,1,1,Benin,Benin,0,1
2001,BGD,771,Bangladesh,1,6,4,2,10.84767092,70415929567,8.11423958,130088702,120,32.09801707,0.430799991,4,6,Bangladesh,Bangladesh,0,0
2001,BGR,355,Bulgaria,1,9,5,4,10.5254807,33533640179,6.903585994,8009142,6,79.68748984,0.52670002,3,4,Bulgaria,Bulgaria,0,0
2001,BHR,692,Bahrain,1,-8,6,3,10.19413482,15636329787,5.84357223,697545,1,127.0262663,0.224399999,2,5,Bahrain,Bahrain,0,0
2001,BRA,140,Brazil,1,8,3,2,12.19314965,1560000000000,8.248454046,177196054,14,26.93628502,0.536199987,5,6,Brazil,Brazil,0,1
2001,BWA,571,Botswana,1,8,7,7,9.933739924,8584992576,6.223931315,1674678,0,87.52506557,0.891799986,1,1,Botswana,Botswana,0,1
2001,CAF,482,Central African Republic,1,5,2,3,9.205899196,1606568308,6.570778469,3722018,2,39.73049974,0.270999998,6,5,Central African Republic,Cent. Af. Rep.,0,0
2001,CAN,20,Canada,0,10,7,7,12.08784173,1220000000000,7.491654422,31020902,67,78.62104945,0.981700003,1,1,Canada,Canada,0,1
2001,CHL,155,Chile,1,9,6,4,11.17405399,149000000000,7.190782934,15516113,14,63.14312621,0.862900019,2,4,Chile,Chile,0,0
2001,CIV,437,Cote D<U+0092>Ivoire,1,4,2,1,10.34883972,22327480641,7.226677891,16853026,5,73.55035201,0.315600008,6,7,Ivory Coast,Cote d'Ivoire,0,0
2001,COL,100,Colombia,1,7,1,0,11.29169068,196000000000,7.604830263,40255967,20,33.90111179,0.477600008,7,8,Colombia,Colombia,0,1
2001,CUB,40,Cuba,0,-7,5,4,10.60165546,39962758543,7.047845774,11164667,3,29.36109638,0.058200002,3,4,Cuba,Cuba,0,0
2001,CZE,316,Czech Republic,0,10,8,7,11.19384504,156000000000,7.009306603,10216605,23,99.30997399,0.809300005,0,1,Czech Republic,Czech Rep.,0,1
2001,DEU,255,German Federal Republic,0,10,7,8,12.50123185,3170000000000,7.915663208,82349925,0,62.06283889,0.978699982,1,0,Germany,FRG/Germany,0,1
2001,DOM,42,Dominican Republic,1,8,4,4,10.54611928,35165700933,6.934427797,8598601,2,70.51056781,0.474900007,4,4,Dominican Republic,Dom. Rep.,0,0
2001,ECU,130,Ecuador,1,6,4,6,10.68417193,48325007475,7.111083213,12914667,12,50.74505716,0.475800008,4,2,Ecuador,Ecuador,0,0
2001,EGY,651,Egypt,1,-6,3,4,11.14975472,141000000000,7.846044149,70152661,10,39.81042654,0.354200006,5,4,Egypt,Egypt,0,0
2001,ESP,230,Spain,0,10,7,6,12.07838793,1200000000000,7.611196441,40850412,21,57.99715546,0.906199992,1,2,Spain,Spain,1,1
2001,FRA,220,France,1,9,7,6,12.37654229,2380000000000,7.787867161,61357430,26,54.95936809,0.708599985,1,2,France,France,1,1
2001,GEO,372,Georgia,0,5,4,5,9.843868076,6980203364,6.603617723,4014373,43,63.32992508,0.358700007,4,3,Georgia,Georgia,1,0
2001,GHA,452,Ghana,0,6,5,5,10.28081426,19090366136,7.295719417,19756928,1,110.0458542,0.40169999,3,3,Ghana,Ghana,0,0
2001,GRC,350,Greece,1,10,6,7,11.41813716,262000000000,7.035915076,10862132,6,56.13996927,0.816699982,2,1,Greece,Greece,1,0
2001,GTM,90,Guatemala,1,8,4,2,10.48371559,30458996622,7.076456421,11924946,13,69.54454875,0.421700001,4,6,Guatemala,Guatemala,0,0
2001,HUN,310,Hungary,0,10,7,8,11.04616727,111000000000,7.008070862,10187576,13,131.0450687,0.888700008,1,0,Hungary,Hungary,0,0
2001,IND,750,India,1,9,0,1,11.96165266,915000000000,9.031408499,1075000085,362,25.99325475,0.708999991,8,7,India,India,0,1
2001,ITA,325,Italy/Sardinia,1,10,7,7,12.32408276,2110000000000,7.755677474,56974100,159,50.034804629999996,0.866599977,1,1,Italy,Italy,1,1
2001,MEX,70,Mexico,1,8,2,2,11.95976382,912000000000,8.001292936,100298153,37,47.16607302,0.484899998,6,6,Mexico,Mexico,0,1
2001,MOZ,541,Mozambique,1,5,5,2,9.759114637,5742680268,7.260593373,18221888,7,49.47629281,0.301899999,3,6,Mozambique,Mozambique,0,0
2001,MYS,820,Malaysia,1,3,5,2,11.21315636,163000000000,7.374915416,23709119,35,203.364636,0.423099995,3,6,Malaysia,Malaysia,0,1
2001,NPL,790,Nepal,1,6,1,1,10.05778097,11423020739,7.386447347,24347106,66,55.79992108,0.397199988,7,7,Nepal,Nepal,0,1
2001,PHL,840,Philippines,0,8,2,0,11.1105089,129000000000,7.901310478,79672873,127,98.9089405,0.520399988,6,8,Philippines,Philippines,1,1
2001,SGP,830,Singapore,0,-2,7,6,11.12997654,135000000000,6.616791746,4138012,1,349.2921057,0.446999997,1,2,Singapore,Singapore,0,0
2001,SLV,92,El Salvador,1,7,7,6,10.19957045,15833263893,6.772835367,5927006,4,65.89073854,0.459899992,1,2,El Salvador,El Salvador,0,0
2001,USA,2,United States of America,0,10,5,7,13.10538414,12700000000000,8.45479755,284968955,0,22.84295783,0.989000022,3,1,United States,USA,1,1
2001,VEN,101,Venezuela,1,6,4,4,11.47533408,299000000000,7.391754761,24646472,18,42.14126802,0.404700011,4,4,Venezuela,Venezuela,0,1
2002,ARG,160,Argentina,1,8,4,3,11.41209414,258000000000,7.576131052,37681749,48,41.75272436,0.479900002,4,5,Argentina,Argentina,0,1
2002,AUS,900,Australia,0,10,7,7,11.95432261,900000000000,7.293393496,19651400,75,41.55727587,0.983799994,1,1,Australia,Australia,0,1
2002,AUT,305,Austria,1,10,7,7,11.53956158,346000000000,6.907516535,8081957,3,86.948168,0.973200023,1,1,Austria,Austria,0,1
2002,BEL,211,Belgium,0,10,8,7,11.62044734,417000000000,7.014217393,10332785,2,136.0851495,0.960600019,0,1,Belgium,Belgium,0,1
2002,BEN,434,Benin,1,6,7,7,9.720906211,5259036816,6.863048752,7295394,0,51.48426491,0.428600013,1,1,Benin,Benin,0,1
2002,BGD,771,Bangladesh,1,6,1,4,10.86400684,73115059421,8.122144045,132478086,25,28.96738072,0.417400002,7,4,Bangladesh,Bangladesh,0,0
2002,BGR,355,Bulgaria,1,9,6,5,10.55053049,35524705564,6.894158769,7837161,0,75.85413327,0.522599995,2,3,Bulgaria,Bulgaria,0,0
2002,BHR,692,Bahrain,1,-7,7,6,10.20843921,16159920213,5.866373599,735146,5,131.1336342,0.220899999,1,2,Bahrain,Bahrain,0,0
2002,BLR,370,Belarus (Byelorussia),1,-7,5,5,10.49984069,31611178884,6.994121214,9865548,7,131.0020583,0.165800005,3,3,Belarus,Belarus,0,0
2002,BRA,140,Brazil,1,8,4,3,12.20621312,1610000000000,8.254155222,179537520,5,27.6183574,0.532700002,4,5,Brazil,Brazil,0,1
2002,BWA,571,Botswana,1,8,7,7,9.959330572,9106061350,6.231633185,1704642,0,91.83577406,0.900900006,1,1,Botswana,Botswana,0,1
2002,CAF,482,Central African Republic,1,5,4,2,9.221328291,1664670528,6.580026733,3802128,0,36.10856478,0.248500004,4,6,Central African Republic,Cent. Af. Rep.,0,0
2002,CAN,20,Canada,0,10,7,7,12.10245429,1270000000000,7.496377148,31360079,3,75.97658417,0.981599987,1,1,Canada,Canada,0,1
2002,CIV,437,Cote D<U+0092>Ivoire,1,0,3,2,10.34153617,21955138166,7.236324067,17231539,0,79.8636641,0.304800004,5,6,Ivory Coast,Cote d'Ivoire,0,0
2002,COL,100,Colombia,1,7,2,1,11.30243051,201000000000,7.611461591,40875360,0,32.98263921,0.46540001,6,7,Colombia,Colombia,0,1
2002,CUB,40,Cuba,0,-7,4,5,10.60779971,40532156423,7.04920449,11199651,2,24.72931335,0.067299999,4,3,Cuba,Cuba,0,0
2002,CZE,316,Czech Republic,0,10,8,8,11.20096261,159000000000,7.008468842,10196916,3,91.52598182,0.778199971,0,0,Czech Republic,Czech Rep.,0,1
2002,DEU,255,German Federal Republic,0,10,7,7,12.5003696,3160000000000,7.91639338,82488495,0,60.93488981,0.978699982,1,1,Germany,FRG/Germany,0,1
2002,DOM,42,Dominican Republic,1,8,5,4,10.56521522,36746435552,6.940764191,8724975,0,68.7232829,0.473699987,3,4,Dominican Republic,Dom. Rep.,0,0
2002,ECU,130,Ecuador,1,6,5,4,10.70160921,50304775101,7.118709873,13143465,6,49.37654964,0.472799987,3,4,Ecuador,Ecuador,0,0
2002,EGY,651,Egypt,1,-6,2,3,11.16001209,145000000000,7.854215183,71485043,13,40.98706783,0.347600013,6,5,Egypt,Egypt,0,0
2002,ESP,230,Spain,0,10,7,7,12.09008868,1230000000000,7.617331265,41431558,0,55.09917924,0.908699989,1,1,Spain,Spain,1,1
2002,FRA,220,France,1,9,7,7,12.38144722,2410000000000,7.791025487,61805267,65,53.07202476,0.704200029,1,1,France,France,1,1
2002,GHA,452,Ghana,0,6,6,5,10.29993055,19949432531,7.306347405,20246381,0,97.48924317,0.420100003,2,3,Ghana,Ghana,0,0
2002,GRC,350,Greece,1,10,7,6,11.43484823,272000000000,7.037507054,10902022,1,50.34899626,0.808499992,1,2,Greece,Greece,1,0
2002,GTM,90,Guatemala,1,8,4,4,10.50019162,31636732099,7.086674687,12208848,6,66.03186022,0.429100007,4,4,Guatemala,Guatemala,0,0
2002,HUN,310,Hungary,0,10,7,7,11.06628492,116000000000,7.006834202,10158608,2,118.3201092,0.879800022,1,1,Hungary,Hungary,0,0
2002,IND,750,India,1,9,0,0,11.97786667,950000000000,9.038746176,1093317189,98,29.50866294,0.703599989,8,8,India,India,0,1
2002,ITA,325,Italy/Sardinia,1,10,7,7,12.3251851,2110000000000,7.756324209,57059007,19,48.0579243,0.831099987,1,1,Italy,Italy,1,1
2002,MAR,600,Morocco,1,-6,4,5,10.80384578,63656943581,7.469155606,29454768,1,60.5340864,0.323500007,4,3,Morocco,Morocco,0,0
2002,MEX,70,Mexico,1,8,2,2,11.95959083,911000000000,8.007255859,101684758,11,46.69791471,0.488200009,6,6,Mexico,Mexico,0,1
2002,MOZ,541,Mozambique,1,5,4,5,9.797696964,6276202741,7.273329012,18764155,0,71.64932253,0.305299997,4,3,Mozambique,Mozambique,0,0
2002,MYS,820,Malaysia,1,3,6,5,11.23596,172000000000,7.383965925,24208391,1,199.3562327,0.416700006,2,3,Malaysia,Malaysia,0,1
2002,NGA,475,Nigeria,1,4,3,2,11.31530896,207000000000,8.109227717,128596076,11,40.03516859,0.335200012,5,6,Nigeria,Nigeria,0,0
2002,NPL,790,Nepal,1,-6,0,1,10.05830243,11436744719,7.393147313,24725627,0,46.2307185,0.326799989,8,7,Nepal,Nepal,0,1
2002,PHL,840,Philippines,0,8,2,2,11.12605994,134000000000,7.910439006,81365258,16,102.4350769,0.506200016,6,6,Philippines,Philippines,1,1
2002,SDN,625,Sudan,1,-6,0,0,10.58656085,38597648770,7.457954192,28704778,0,31.39638942,0.052700002,8,8,Sudan,Sudan,0,1
2002,SLV,92,El Salvador,1,7,6,7,10.20638235,16083565987,6.775401878,5962136,0,65.91909078,0.456400007,2,1,El Salvador,El Salvador,0,0
2002,SWE,380,Sweden,0,10,8,8,11.6140436,411000000000,6.950606181,8924958,3,77.18055525,0.974600017,0,0,Sweden,Sweden,0,1
2002,TCD,483,Chad,1,-2,4,3,9.669722799,4674366912,6.955169606,9019233,0,126.3508078,0.022299999,4,5,Chad,Chad,0,0
2002,USA,2,United States of America,0,10,6,5,13.11288305,13000000000000,8.458826923,287625193,0,22.15427178,0.988099992,2,3,United States,USA,1,1
2002,VEN,101,Venezuela,1,6,4,4,11.43506359,272000000000,7.399680781,25100408,69,48.57571065,0.388999999,4,4,Venezuela,Venezuela,0,1
2003,ARG,160,Argentina,1,8,5,4,11.44887012,281000000000,7.580786663,38087868,39,40.64474803,0.469799995,3,4,Argentina,Argentina,0,1
2003,AUS,900,Australia,0,10,7,7,11.96710035,927000000000,7.298752675,19895400,77,40.29614463,0.98299998,1,1,Australia,Australia,0,1
2003,AUT,305,Austria,1,10,6,7,11.54363105,350000000000,6.909632131,8121423,4,86.38738242,0.971499979,2,1,Austria,Austria,0,1
2003,BEL,211,Belgium,0,10,8,8,11.6249315,422000000000,7.01603553,10376133,6,132.7155528,0.959699988,0,0,Belgium,Belgium,0,1
2003,BEN,434,Benin,1,6,6,7,9.735611705,5440160403,6.876249892,7520555,0,48.72235439,0.417699993,2,1,Benin,Benin,0,1
2003,BGD,771,Bangladesh,1,6,0,1,10.88411761,76580396942,8.129662838,134791603,36,27.6578849,0.39199999,8,7,Bangladesh,Bangladesh,0,0
2003,BGR,355,Bulgaria,1,9,5,6,10.57236545,37356436984,6.890718663,7775327,5,79.62521351,0.526499987,3,2,Bulgaria,Bulgaria,0,0
2003,BHR,692,Bahrain,1,-7,7,7,10.23495794,17177420213,5.891374636,778708,13,128.0915822,0.218500003,1,1,Bahrain,Bahrain,0,0
2003,BLR,370,Belarus (Byelorussia),1,-7,5,5,10.52939975,33837615083,6.991081981,9796749,6,134.1418523,0.167899996,3,3,Belarus,Belarus,0,0
2003,BRA,140,Brazil,1,8,4,4,12.21113924,1630000000000,8.259615966,181809246,34,28.14038472,0.531099975,4,4,Brazil,Brazil,0,1
2003,BWA,571,Botswana,1,8,7,7,9.978969757,9527298168,6.239148764,1734398,0,85.83404252,0.907999992,1,1,Botswana,Botswana,0,1
2003,CAF,482,Central African Republic,1,-1,4,4,9.197230972,1574820183,6.588963897,3881181,1,36.231226,0.218400002,4,4,Central African Republic,Cent. Af. Rep.,0,0
2003,CAN,20,Canada,0,10,7,7,12.11869781,1310000000000,7.50029176,31644028,17,70.08726587,0.981700003,1,1,Canada,Canada,0,1
2003,CHL,155,Chile,1,9,6,8,11.20475738,160000000000,7.200019731,15849652,28,66.31628662,0.910000026,2,0,Chile,Chile,0,0
2003,CIV,437,Cote D<U+0092>Ivoire,1,0,2,3,10.33559128,21656650171,7.245503044,17599610,7,75.26749055,0.292199999,6,5,Ivory Coast,Cote d'Ivoire,0,0
2003,COL,100,Colombia,1,7,0,2,11.31912272,209000000000,7.617879254,41483869,4,36.51618352,0.452800006,8,6,Colombia,Colombia,0,1
2003,CUB,40,Cuba,0,-7,4,4,10.62396669,42069435823,7.05034816,11229183,7,26.58713358,0.075099997,4,4,Cuba,Cuba,0,0
2003,CZE,316,Czech Republic,0,10,7,8,11.21633484,165000000000,7.008344544,10193998,10,95.01519722,0.765299976,1,0,Czech Republic,Czech Rep.,0,1
2003,DEU,255,German Federal Republic,0,10,7,7,12.49726008,3140000000000,7.91663382,82534176,0,61.84931971,0.978200018,1,1,Germany,FRG/Germany,0,1
2003,DOM,42,Dominican Republic,1,8,4,5,10.55933121,36251936496,6.946958827,8850317,31,84.44950319,0.474599987,4,3,Dominican Republic,Dom. Rep.,0,0
2003,ECU,130,Ecuador,1,6,3,5,10.71327639,51674512422,7.126120948,13369678,16,47.24163069,0.473199993,5,3,Ecuador,Ecuador,0,0
2003,EGY,651,Egypt,1,-6,2,2,11.17366402,149000000000,7.862287035,72826097,24,46.17964072,0.340299994,6,6,Egypt,Egypt,0,0
2003,ESP,230,Spain,0,10,5,7,12.10285202,1270000000000,7.625185283,42187645,21,53.4636891,0.91140002,3,1,Spain,Spain,1,1
2003,FRA,220,France,1,9,5,7,12.38500714,2430000000000,7.794103676,62244886,57,50.79783352,0.700999975,3,1,France,France,1,1
2003,GHA,452,Ghana,0,6,6,6,10.32194629,20986803038,7.317024359,20750299,1,97.28714571,0.433299989,2,2,Ghana,Ghana,0,0
2003,GRC,350,Greece,1,10,5,7,11.45931256,288000000000,7.038543468,10928070,26,48.19005372,0.799000025,3,1,Greece,Greece,1,0
2003,HUN,310,Hungary,0,10,7,7,11.083671,121000000000,7.005590238,10129552,5,116.6061743,0.871500015,1,1,Hungary,Hungary,0,0
2003,IND,750,India,1,9,1,0,12.0107281,1030000000000,9.04591851,1111523144,218,30.59243613,0.699000001,7,8,India,India,0,1
2003,ITA,325,Italy/Sardinia,1,10,6,7,12.3257865,2120000000000,7.75825468,57313203,6,46.14884478,0.795400023,2,1,Italy,Italy,1,1
2003,MAR,600,Morocco,1,-6,4,4,10.8289925,67451637211,7.47396675,29782884,0,58.32774268,0.313699991,4,4,Morocco,Morocco,0,0
2003,MEX,70,Mexico,1,8,3,2,11.96582752,924000000000,8.013178707,103081020,16,50.20568946,0.490700006,5,6,Mexico,Mexico,0,1
2003,MOZ,541,Mozambique,1,5,5,4,9.826782113,6710920789,7.286256567,19331100,0,68.1578544,0.307799995,3,4,Mozambique,Mozambique,0,0
2003,MYS,820,Malaysia,1,3,5,6,11.26040056,182000000000,7.392676188,24698819,4,194.1951291,0.413500011,3,2,Malaysia,Malaysia,0,1
2003,NGA,475,Nigeria,1,4,2,3,11.34609858,222000000000,8.120246873,131900631,30,49.33496486,0.36649999,6,5,Nigeria,Nigeria,0,0
2003,NPL,790,Nepal,1,-6,1,0,10.07510619,11887928617,7.399342632,25080872,58,44.24788362,0.294099987,7,8,Nepal,Nepal,0,1
2003,PHL,840,Philippines,0,8,2,2,11.14712577,140000000000,7.919349944,83051971,27,101.8493332,0.494800001,6,6,Philippines,Philippines,1,1
2003,SGP,830,Singapore,0,-2,8,7,11.16592062,147000000000,6.614351475,4114826,0,377.2185643,0.447100013,0,1,Singapore,Singapore,0,0
2003,SLV,92,El Salvador,1,7,5,6,10.21311458,16334828454,6.777722318,5994077,0,68.23698248,0.452199996,3,2,El Salvador,El Salvador,0,0
2003,SWE,380,Sweden,0,10,7,8,11.62368337,420000000000,6.95222216,8958229,2,75.58336447,0.97420001,1,0,Sweden,Sweden,0,1
2003,TCD,483,Chad,1,-2,4,4,9.729368248,5362511644,6.971921057,9373916,0,83.37891496,0.023399999,4,4,Chad,Chad,0,0
2003,USA,2,United States of America,0,10,6,6,13.12513304,13300000000000,8.462559605,290107933,0,22.47710057,0.987500012,2,2,United States,USA,1,1
2003,VEN,101,Venezuela,1,6,4,4,11.40000407,251000000000,7.407418508,25551624,91,50.57700738,0.373600006,4,4,Venezuela,Venezuela,0,1
2004,ARG,160,Argentina,1,8,4,5,11.48641489,306000000000,7.585370161,38491972,85,40.69264611,0.47240001,4,3,Argentina,Argentina,0,1
2004,AUS,900,Australia,0,10,7,7,11.98436572,965000000000,7.303787678,20127400,88,37.12073437,0.98210001,1,1,Australia,Australia,0,1
2004,AUT,305,Austria,1,10,7,6,11.55535084,359000000000,6.912326551,8171966,6,90.79234569,0.970700026,1,2,Austria,Austria,0,1
2004,BEL,211,Belgium,0,10,7,8,11.64017026,437000000000,7.017915105,10421137,4,136.9184053,0.95690000099999994,1,0,Belgium,Belgium,0,1
2004,BEN,434,Benin,1,6,7,6,9.75443544,5681139327,6.889301927,7750004,1,46.37025873,0.397000015,1,2,Benin,Benin,0,1
2004,BGD,771,Bangladesh,1,6,1,0,10.90629652,80592852042,8.136677554,136986432,171,26.85823415,0.368900001,7,8,Bangladesh,Bangladesh,0,0
2004,BGR,355,Bulgaria,1,9,5,5,10.59945137,39760457561,6.887440621,7716860,1,93.78081709,0.535600007,3,3,Bulgaria,Bulgaria,0,0
2004,BHR,692,Bahrain,1,-7,6,7,10.26426443,18376569149,5.918996458,829844,31,140.73731,0.216600001,2,1,Bahrain,Bahrain,0,0
2004,BLR,370,Belarus (Byelorussia),1,-7,3,5,10.57647882,37711935083,6.988119357,9730146,49,142.1365104,0.166199997,5,3,Belarus,Belarus,0,0
2004,BRA,140,Brazil,1,8,4,4,12.23546027,1720000000000,8.26483312,184006481,31,29.67825248,0.52670002,4,4,Brazil,Brazil,0,1
2004,BWA,571,Botswana,1,8,7,7,9.990564819,9785089873,6.246874364,1765527,1,90.99782289,0.915799975,1,1,Botswana,Botswana,0,1
2004,CAF,482,Central African Republic,1,-1,3,4,9.222515877,1669228829,6.597681477,3959875,1,33.24395492,0.200100005,5,4,Central African Republic,Cent. Af. Rep.,0,0
2004,CAN,20,Canada,0,10,7,7,12.13537121,1370000000000,7.504343818,31940655,14,70.43207563,0.98180002,1,1,Canada,Canada,0,1
2004,CHL,155,Chile,1,9,6,6,11.2349903,172000000000,7.204526157,16014971,58,69.73366335,0.920400023,2,2,Chile,Chile,0,0
2004,CIV,437,Cote D<U+0092>Ivoire,1,0,2,2,10.34090812,21923410906,7.254560016,17970494,65,84.60668736,0.280499995,6,6,Ivory Coast,Cote d'Ivoire,0,0
2004,COL,100,Colombia,1,7,0,0,11.34168771,220000000000,7.624033982,42075955,18,35.86342693,0.442900002,8,8,Colombia,Colombia,0,1
2004,CUB,40,Cuba,0,-7,4,4,10.6483314,44497068633,7.051166613,11250365,13,31.31141533,0.087899998,4,4,Cuba,Cuba,0,0
2004,CZE,316,Czech Republic,0,10,6,7,11.23713891,173000000000,7.008476721,10197101,14,113.8683352,0.737999976,2,1,Czech Republic,Czech Rep.,0,1
2004,DEU,255,German Federal Republic,0,10,7,7,12.50239707,3180000000000,7.916539536,82516260,0,66.22619911,0.977900028,1,1,Germany,FRG/Germany,0,1
2004,DOM,42,Dominican Republic,1,8,4,4,10.57035213,37183659943,6.953007552,8974444,8,81.35142294,0.472900003,4,4,Dominican Republic,Dom. Rep.,0,0
2004,ECU,130,Ecuador,1,6,5,3,10.74754788,55917517446,7.13342355,13596388,61,50.66524037,0.469599992,3,5,Ecuador,Ecuador,0,0
2004,EGY,651,Egypt,1,-6,2,2,11.19108196,155000000000,7.870240417,74172073,16,57.81990521,0.333600014,6,6,Egypt,Egypt,0,0
2004,ESP,230,Spain,0,10,7,5,12.1162058,1310000000000,7.632678888,42921895,38,54.52418269,0.910399973,1,3,Spain,Spain,1,1
2004,FRA,220,France,1,9,6,5,12.39712625,2500000000000,7.797301445,62704895,56,51.92500788,0.696200013,2,3,France,France,1,1
2004,GEO,372,Georgia,0,7,4,4,9.937028575,8650248324,6.594098501,3927340,55,79.7380139,0.357600003,4,4,Georgia,Georgia,1,0
2004,GHA,452,Ghana,0,8,6,6,10.3456102,22162064006,7.327814919,21272323,1,99.67033435,0.441399992,2,2,Ghana,Ghana,0,0
2004,GRC,350,Greece,1,10,6,5,11.48075409,303000000000,7.039617972,10955141,7,49.8984416,0.784699976,2,3,Greece,Greece,1,0
2004,GTM,90,Guatemala,1,8,5,5,10.52452392,33459844950,7.107105625,12796925,6,69.07811774,0.442299992,3,3,Guatemala,Guatemala,0,0
2004,HUN,310,Hungary,0,10,6,7,11.10412505,127000000000,7.004628539,10107146,6,123.2677026,0.866699994,2,1,Hungary,Hungary,0,0
2004,IND,750,India,1,9,0,1,12.04384151,1110000000000,9.052933702,1129623456,427,37.50381406,0.693799973,8,7,India,India,0,1
2004,ITA,325,Italy/Sardinia,1,10,6,6,12.33192508,2150000000000,7.761065359,57685327,26,47.43033039,0.760900021,2,2,Italy,Italy,1,1
2004,MAR,600,Morocco,1,-6,4,4,10.84934142,70687304633,7.478785954,30115214,5,61.59653347,0.306800008,4,4,Morocco,Morocco,0,0
2004,MEX,70,Mexico,1,8,3,3,11.98252902,961000000000,8.019178342,104514932,79,58.42432149,0.4912,5,5,Mexico,Mexico,0,1
2004,MOZ,541,Mozambique,1,5,4,5,9.859923287,7243080088,7.299083301,19910552,0,69.1400845,0.310299993,4,3,Mozambique,Mozambique,0,0
2004,MYS,820,Malaysia,1,3,4,5,11.28890398,194000000000,7.401239408,25190652,10,210.3742659,0.414799988,4,3,Malaysia,Malaysia,0,1
2004,NPL,790,Nepal,1,-6,0,1,10.0949807,12444593149,7.405164338,25419344,247,46.14728672,0.2949,8,7,Nepal,Nepal,0,1
2004,PHL,840,Philippines,0,8,1,2,11.17528272,150000000000,7.92793746,84710542,27,102.6425178,0.488000005,7,6,Philippines,Philippines,1,1
2004,SDN,625,Sudan,1,-6,2,0,10.63546179,43197815736,7.480210999,30214193,6,37.79031548,0.064300001,6,8,Sudan,Sudan,0,1
2004,SGP,830,Singapore,0,-2,7,8,11.20659923,161000000000,6.61978848,4166664,1,401.5237125,0.441399992,1,0,Singapore,Singapore,0,0
2004,SLV,92,El Salvador,1,7,5,5,10.21696608,16480336828,6.779870328,6023797,13,69.78226418,0.44569999,3,3,El Salvador,El Salvador,0,0
2004,SWE,380,Sweden,0,10,8,7,11.64207655,439000000000,6.953930236,8993531,2,78.93145093,0.972199976,0,1,Sweden,Sweden,0,1
2004,TCD,483,Chad,1,-2,2,4,9.855270175,7165890625,6.988325561,9734767,0,101.7685909,0.0244,6,4,Chad,Chad,0,0
2004,TMP,860,East Timor,1,6,7,6,9.28630078,1933306806,5.987618454,971893,8,112.2904889,0.814899981,1,2,Timor-Leste,Timor-Leste,0,0
2004,USA,2,United States of America,0,10,4,6,13.14132746,13800000000000,8.466578931,292805298,0,24.35240674,0.986800015,4,2,United States,USA,1,1
2004,VEN,101,Venezuela,1,6,2,4,11.47294066,297000000000,7.414916452,25996594,104,55.3674556,0.363000005,6,4,Venezuela,Venezuela,0,1
2005,ARG,160,Argentina,1,8,6,4,11.52324947,334000000000,7.589870673,38892931,77,40.55127097,0.479999989,2,4,Argentina,Argentina,0,1
2005,AUS,900,Australia,0,10,7,7,11.99806264,996000000000,7.309519451,20394800,170,39.27118264,0.981299996,1,1,Australia,Australia,0,1
2005,AUT,305,Austria,0,10,7,7,11.564989,367000000000,6.915285257,8227829,4,94.03380568,0.968699992,1,1,Austria,Austria,0,1
2005,BEL,211,Belgium,0,10,8,7,11.65013844,447000000000,7.020303967,10478617,8,144.5290507,0.954299986,0,1,Belgium,Belgium,0,1
2005,BEN,434,Benin,1,6,7,7,9.761805831,5778376437,6.902123965,7982225,0,45.81656011,0.38530001,1,1,Benin,Benin,0,1
2005,BGD,771,Bangladesh,1,6,0,1,10.93379269,85860356478,8.143125719,139035505,132,34.39693486,0.331499994,8,7,Bangladesh,Bangladesh,0,0
2005,BGR,355,Bulgaria,1,9,6,5,10.62933617,42592798159,6.884170482,7658972,2,100.4968811,0.550199986,2,3,Bulgaria,Bulgaria,0,0
2005,BHR,692,Bahrain,1,-7,6,6,10.2927096,19620478723,5.948981871,889164,12,148.3135251,0.215299994,2,2,Bahrain,Bahrain,0,0
2005,BRA,140,Brazil,1,8,4,4,12.24914942,1770000000000,8.269809618,186127103,45,27.08679521,0.525900006,4,4,Brazil,Brazil,0,1
2005,BWA,571,Botswana,1,8,7,7,10.00991646,10230961746,6.255049993,1799078,2,88.50535206,0.919099987,1,1,Botswana,Botswana,0,1
2005,CAN,20,Canada,0,10,6,7,12.15654309,1430000000000,7.508445586,32243753,6,69.98287966,0.98089999,2,1,Canada,Canada,0,1
2005,CHL,155,Chile,1,9,7,6,11.25924018,182000000000,7.209051547,16182721,22,71.61676087,0.924499989,1,2,Chile,Chile,0,0
2005,CIV,437,Cote D<U+0092>Ivoire,1,0,2,2,10.3483198,22300767039,7.26374289,18354514,13,93.92263771,0.265899986,6,6,Ivory Coast,Cote d'Ivoire,0,0
2005,COL,100,Colombia,1,7,0,0,11.36166174,230000000000,7.629895849,42647723,5,37.53595537,0.426499993,8,8,Colombia,Colombia,0,1
2005,CUB,40,Cuba,0,-7,4,4,10.69444266,49481477379,7.051599403,11261582,8,39.36137443,0.106600001,4,4,Cuba,Cuba,0,0
2005,CZE,316,Czech Republic,0,10,7,6,11.26462424,184000000000,7.009077463,10211216,22,122.0152585,0.702600002,1,2,Czech Republic,Czech Rep.,0,1
2005,DEU,255,German Federal Republic,1,10,8,7,12.50552033,3200000000000,7.916292951,82469422,0,70.91871294,0.976999998,0,1,Germany,FRG/Germany,0,1
2005,DOM,42,Dominican Republic,1,8,4,4,10.60948154,40689423508,6.958910464,9097257,2,61.65355874,0.475199997,4,4,Dominican Republic,Dom. Rep.,0,0
2005,ECU,130,Ecuador,1,6,4,5,10.7699404,58876285669,7.140691747,13825847,79,56.0998297,0.468199998,4,3,Ecuador,Ecuador,0,0
2005,EGY,651,Egypt,1,-3,3,2,11.2100803,162000000000,7.878082505,75523569,196,62.95264624,0.325700015,5,6,Egypt,Egypt,0,0
2005,ESP,230,Spain,0,10,6,7,12.13178222,1350000000000,7.640015637,43653155,28,54.76229758,0.909200013,2,1,Spain,Spain,1,1
2005,FRA,220,France,1,9,7,6,12.40428965,2540000000000,7.80057516,63179351,53,53.98070678,0.68809998000000006,1,2,France,France,1,1
2005,GEO,372,Georgia,0,7,6,4,9.976797813,9479770278,6.591339462,3902469,19,85.31631285,0.3574,2,4,Georgia,Georgia,1,0
2005,GHA,452,Ghana,0,8,6,6,10.37050618,23469626650,7.33874809,21814642,0,98.17151411,0.446200013,2,2,Ghana,Ghana,0,0
2005,GRC,350,Greece,1,10,6,6,11.48334762,304000000000,7.040891536,10987314,26,50.90086412,0.738799989,2,2,Greece,Greece,1,0
2005,GTM,90,Guatemala,1,8,6,5,10.53845652,34550673406,7.117139595,13096028,34,66.04865537,0.44569999,2,3,Guatemala,Guatemala,0,0
2005,HUN,310,Hungary,0,10,7,6,11.12217654,132000000000,7.003764819,10087065,2,127.5930883,0.868300021,1,2,Hungary,Hungary,0,0
2005,IND,750,India,1,9,0,0,12.07695704,1190000000000,9.059794296,1147609927,510,42.00166962,0.690800011,8,8,India,India,0,1
2005,ITA,325,Italy/Sardinia,1,10,7,6,12.33546191,2170000000000,7.763199435,57969484,21,49.30101076,0.731400013,1,2,Italy,Italy,1,1
2005,MAR,600,Morocco,1,-6,3,4,10.86340659,73014076005,7.483666604,30455561,5,67.91485449,0.302599996,5,4,Morocco,Morocco,0,0
2005,MEX,70,Mexico,1,8,3,3,11.99243775,983000000000,8.025327182,106005203,51,62.35912383,0.4912,5,5,Mexico,Mexico,0,1
2005,MOZ,541,Mozambique,1,5,5,4,9.887834744,7723866243,7.311625143,20493925,4,68.91520011,0.313699991,3,4,Mozambique,Mozambique,0,0
2005,MYS,820,Malaysia,1,3,5,4,11.31146353,205000000000,7.409774433,25690611,4,203.8546446,0.416599989,3,4,Malaysia,Malaysia,0,1
2005,NPL,790,Nepal,1,-6,0,0,10.10983369,12877563075,7.410684462,25744500,201,44.06294748,0.329899997,8,8,Nepal,Nepal,0,1
2005,PHL,840,Philippines,0,8,1,1,11.19555097,157000000000,7.936142876,86326250,141,97.8785524,0.489399999,7,7,Philippines,Philippines,1,1
2005,SDN,625,Sudan,1,-4,1,2,10.66682879,46433219017,7.490653862,30949516,24,47.58002131,0.092900001,7,6,Sudan,Sudan,1,1
2005,SGP,830,Singapore,0,-2,6,7,11.23743817,173000000000,6.629996621,4265762,3,420.4305129,0.432700008,2,1,Singapore,Singapore,0,0
2005,SLV,92,El Salvador,1,7,5,5,10.22856811,16926536635,6.781907746,6052123,3,69.71580503,0.438300014,3,3,El Salvador,El Salvador,0,0
2005,TCD,483,Chad,1,-2,2,2,9.924688624,8407921035,7.00417657,10096633,1,85.84674503,0.025599999,6,6,Chad,Chad,0,0
2005,TMP,860,East Timor,1,6,5,7,9.419456645,2626979268,5.997882001,995135,11,106.5817647,0.796199977,3,1,Timor-Leste,Timor-Leste,0,0
2005,USA,2,United States of America,0,10,4,4,13.15632195,14300000000000,8.47058188,295516599,0,25.55599404,0.986299992,4,4,United States,USA,1,1
2005,VEN,101,Venezuela,1,6,2,2,11.51558643,328000000000,7.42213737,26432447,30,60.12732976,0.354999989,6,6,Venezuela,Venezuela,0,1
2005,YSR,345,Yugoslavia,1,6,5,5,10.55761383,36108864271,6.871617822,7440769,5,73.01692955,0.171900004,3,3,Serbia,Yugoslavia,1,1
2006,AUS,900,Australia,0,10,7,7,12.01003268,1020000000000,7.315926284,20697900,180,41.60422709,0.981299996,1,1,Australia,Australia,0,1
2006,AUT,305,Austria,0,10,7,7,11.57973559,380000000000,6.917434137,8268641,0,98.08831121,0.966899991,1,1,Austria,Austria,0,1
2006,BEL,211,Belgium,0,10,8,8,11.66108352,458000000000,7.023168392,10547958,4,149.5675093,0.953299999,0,0,Belgium,Belgium,0,1
2006,BEN,434,Benin,1,7,6,7,9.778617848,6006449749,6.914707843,8216897,1,46.85187251,0.375800014,2,1,Benin,Benin,0,1
2006,BGD,771,Bangladesh,1,6,1,0,10.96184274,91588877879,8.148976231,140921167,387,38.11192443,0.298099995,7,8,Bangladesh,Bangladesh,0,0
2006,BGR,355,Bulgaria,1,9,6,6,10.65820969,45520779748,6.88087199,7601022,3,111.8598398,0.569500029,2,2,Bulgaria,Bulgaria,0,0
2006,BHR,692,Bahrain,1,-7,6,6,10.31992462,20889335106,5.981554962,958418,25,147.1041811,0.214499995,2,2,Bahrain,Bahrain,0,0
2006,BLR,370,Belarus (Byelorussia),1,-7,4,5,10.65688881,45382541170,6.982493933,9604924,117,124.2951039,0.162400007,4,3,Belarus,Belarus,0,0
2006,BRA,140,Brazil,1,8,2,4,12.26602462,1850000000000,8.2745442829999991,188167356,29,26.04169988,0.526600003,6,4,Brazil,Brazil,0,1
2006,BWA,571,Botswana,1,8,6,7,10.04480097,11086666195,6.263850914,1835908,2,86.33458892,0.921599984,2,1,Botswana,Botswana,0,1
2006,CAF,482,Central African Republic,1,-1,3,3,9.246683825,1764752577,6.614693619,4118069,0,36.39587023,0.188800007,5,5,Central African Republic,Cent. Af. Rep.,0,0
2006,CAN,20,Canada,0,10,6,6,12.1742692,1490000000000,7.512833413,32571174,16,68.2513217,0.979799986,2,2,Canada,Canada,0,1
2006,CHL,155,Chile,1,10,7,7,11.28584524,193000000000,7.213637377,16354504,115,73.09865108,0.9296,1,1,Chile,Chile,0,0
2006,CIV,437,Cote D<U+0092>Ivoire,1,0,2,2,10.35485362,22638811513,7.273115123,18754916,17,95.06972995,0.255499989,6,6,Ivory Coast,Cote d'Ivoire,0,0
2006,COL,100,Colombia,1,7,0,0,11.39014878,246000000000,7.635492764,43200897,21,39.74696047,0.412499994,8,8,Colombia,Colombia,0,1
2006,CUB,40,Cuba,0,-7,4,4,10.743916,55451844706,7.051586523,11261248,4,37.18801429,0.133200005,4,4,Cuba,Cuba,0,0
2006,CZE,316,Czech Republic,0,9,7,7,11.29341339,197000000000,7.010253513,10238905,13,127.6325026,0.680599988,1,1,Czech Republic,Czech Rep.,0,1
2006,DEU,255,German Federal Republic,1,10,8,8,12.52177859,3320000000000,7.915803077,82376451,0,77.44972915,0.975600004,0,0,Germany,FRG/Germany,0,1
2006,DOM,42,Dominican Republic,1,8,3,4,10.64760217,44422415833,6.964669023,9218686,3,63.76648264,0.473800004,5,4,Dominican Republic,Dom. Rep.,0,0
2006,ECU,130,Ecuador,1,7,4,4,10.78865557,61468918472,7.147966293,14059384,34,59.70978319,0.46540001,4,4,Ecuador,Ecuador,0,0
2006,EGY,651,Egypt,1,-3,3,3,11.23882863,173000000000,7.885777576,76873663,89,61.51853651,0.309799999,5,5,Egypt,Egypt,0,0
2006,ESP,230,Spain,0,10,5,6,12.14924683,1410000000000,7.647356745,44397319,35,56.17713481,0.912199974,3,2,Spain,Spain,1,1
2006,FRA,220,France,1,9,7,7,12.4147996,2600000000000,7.803603092,63621381,106,56.10342445,0.677100003,1,1,France,France,1,1
2006,GEO,372,Georgia,0,7,4,6,10.01589361,10372742929,6.588870564,3880347,33,89.88236753,0.364199996,4,2,Georgia,Georgia,1,0
2006,GHA,452,Ghana,0,8,5,6,10.39744745,24971662220,7.349841744,22379055,6,65.92144384,0.451099992,3,2,Ghana,Ghana,0,0
2006,GRC,350,Greece,1,10,5,6,11.5072269,322000000000,7.042195861,11020362,38,52.85023864,0.727800012,3,2,Greece,Greece,1,0
2006,GTM,90,Guatemala,1,8,5,6,10.56121379,36409422520,7.127008238,13397021,5,66.81818595,0.446799994,3,2,Guatemala,Guatemala,0,0
2006,HUN,310,Hungary,0,10,7,7,11.13933745,138000000000,7.003088551,10071370,265,148.8675024,0.868700027,1,1,Hungary,Hungary,0,0
2006,IND,750,India,1,9,0,0,12.11062674,1290000000000,9.06650717,1165486291,782,45.7244805,0.689700007,8,8,India,India,0,1
2006,ITA,325,Italy/Sardinia,1,10,6,7,12.34317021,2200000000000,7.764504749,58143979,19,53.16817918,0.706200004,2,1,Italy,Italy,1,1
2006,MAR,600,Morocco,1,-6,4,3,10.89511646,78544623311,7.488616744,30804683,4,71.49628678,0.300399989,4,5,Morocco,Morocco,0,0
2006,MEX,70,Mexico,1,8,1,3,12.01153238,1030000000000,8.031651411,107560153,330,56.09272463,0.49149999,7,5,Mexico,Mexico,0,1
2006,MOZ,541,Mozambique,1,5,5,5,9.928049712,8473243992,7.323872873,21080110,1,64.30396242,0.3125,3,3,Mozambique,Mozambique,0,0
2006,MYS,820,Malaysia,1,3,4,5,11.33506656,216000000000,7.418333796,26201961,27,202.5771468,0.418900013,4,3,Malaysia,Malaysia,0,1
2006,NGA,475,Nigeria,1,4,2,2,11.43717006,274000000000,8.153931599,142538308,46,42.5665658,0.307300001,6,6,Nigeria,Nigeria,0,0
2006,NPL,790,Nepal,1,6,0,0,10.12420558,13310843466,7.416085937,26066693,536,44.76198776,0.398799986,8,8,Nepal,Nepal,0,1
2006,PHL,840,Philippines,0,8,0,1,11.21774444,165000000000,7.943932917,87888675,69,94.94082815,0.486000001,8,7,Philippines,Philippines,1,1
2006,SDN,625,Sudan,1,-4,1,1,10.7084753,51106401195,7.500535917,31661823,9,45.7449141,0.1039,7,7,Sudan,Sudan,0,1
2006,SGP,830,Singapore,0,-2,5,6,11.27488491,188000000000,6.643587386,4401365,3,425.3633995,0.41170001,3,2,Singapore,Singapore,0,0
2006,SLV,92,El Salvador,1,7,5,5,10.24703099,17661638412,6.783860648,6079399,12,73.45558403,0.431499988,3,3,El Salvador,El Salvador,0,0
2006,TCD,483,Chad,1,-2,2,2,9.927494904,8462426393,7.019412258,10457124,3,95.91322863,0.027000001,6,6,Chad,Chad,0,0
2006,TMP,860,East Timor,1,7,6,5,9.570756894,3721833098,6.007078329,1016432,76,136.4863429,0.717999995,2,3,Timor-Leste,Timor-Leste,0,0
2006,USA,2,United States of America,0,10,4,4,13.16854757,14700000000000,8.474769582,298379912,0,26.90014861,0.985599995,4,4,United States,USA,1,1
2006,VEN,101,Venezuela,1,5,2,2,11.55647377,360000000000,7.428947428,26850194,26,58.66559156,0.347799987,6,6,Venezuela,Venezuela,0,1
2006,YSR,345,Yugoslavia,1,6,6,5,10.57924872,37953228465,6.869910156,7411569,0,76.90795002,0.179100007,2,3,Serbia,Yugoslavia,1,1
2007,ARG,160,Argentina,1,8,6,5,11.59432071,393000000000,7.598618669,39684295,66,40.94517062,0.487500012,2,3,Argentina,Argentina,0,1
2007,AUS,900,Australia,0,10,7,7,12.02641477,1060000000000,7.318639228,20827600,142,42.05143968,0.981000006,1,1,Australia,Australia,0,1
2007,AUT,305,Austria,0,10,7,7,11.59562958,394000000000,6.918841887,8295487,2,100.7332541,0.96390003,1,1,Austria,Austria,0,1
2007,BEL,211,Belgium,0,8,8,8,11.67676583,475000000000,7.02635755,10625700,4,152.4684469,0.950999975,0,0,Belgium,Belgium,0,1
2007,BEN,434,Benin,1,7,5,6,9.803868462,6366026796,6.927102979,8454793,1,57.8049633,0.387100011,3,2,Benin,Benin,0,1
2007,BGD,771,Bangladesh,1,-6,0,1,10.9914643,98053769823,8.154303364,142660376,83,39.94238265,0.242799997,8,7,Bangladesh,Bangladesh,0,0
2007,BGR,355,Bulgaria,1,9,6,6,10.68898917,48864017869,6.877678699,7545338,6,123.5919576,0.591300011,2,2,Bulgaria,Bulgaria,0,0
2007,BHR,692,Bahrain,1,-7,6,6,10.35452885,22621888298,6.015325799,1035919,21,137.7850506,0.215200007,2,2,Bahrain,Bahrain,0,0
2007,BRA,140,Brazil,1,8,4,2,12.29161524,1960000000000,8.27905166,190130443,68,25.29261137,0.522099972,4,6,Brazil,Brazil,0,1
2007,CAF,482,Central African Republic,1,-1,3,3,9.266246793,1846064167,6.623043469,4198010,1,37.58089902,0.192300007,5,5,Central African Republic,Cent. Af. Rep.,0,0
2007,CAN,20,Canada,0,10,6,6,12.20311995,1600000000000,7.517050999,32889025,14,66.45730751,0.978699982,2,2,Canada,Canada,0,1
2007,CHL,155,Chile,1,10,7,7,11.30664158,203000000000,7.218277977,16530195,50,76.4074155,0.930599988,1,1,Chile,Chile,0,0
2007,CIV,437,Cote D<U+0092>Ivoire,1,0,3,2,10.36245222,23038394864,7.282650136,19171237,0,89.43763142,0.245900005,5,6,Ivory Coast,Cote d'Ivoire,0,0
2007,COL,100,Colombia,1,7,0,0,11.41891749,262000000000,7.640854114,43737516,27,37.184368,0.411300004,8,8,Colombia,Colombia,0,1
2007,CUB,40,Cuba,0,-7,3,4,10.77436244,59478833619,7.051195834,11251122,6,37.96760966,0.155000001,5,4,Cuba,Cuba,0,0
2007,CZE,316,Czech Republic,0,9,7,7,11.31708926,208000000000,7.012787805,10298828,17,130.3729027,0.664900005,1,1,Czech Republic,Czech Rep.,0,1
2007,DEU,255,German Federal Republic,1,10,8,8,12.53454898,3420000000000,7.915222345,82266372,0,79.8744174,0.974300027,0,0,Germany,FRG/Germany,0,1
2007,DOM,42,Dominican Republic,1,8,4,3,10.67867095,47716760740,6.970293911,9338861,1,61.94723068,0.471599996,4,5,Dominican Republic,Dom. Rep.,0,0
2007,ECU,130,Ecuador,1,5,4,4,10.79806424,62815127109,7.15523146,14296557,52,62.58713843,0.44569999,4,4,Ecuador,Ecuador,0,0
2007,EGY,651,Egypt,1,-3,3,3,11.26857095,186000000000,7.893385133,78232126,40,65.07787325,0.292299986,5,5,Egypt,Egypt,0,0
2007,ESP,230,Spain,0,10,5,5,12.16462346,1460000000000,7.655395889,45226803,53,57.74760376,0.914900005,3,3,Spain,Spain,1,1
2007,FRA,220,France,1,9,7,7,12.42520316,2660000000000,7.80629006,64016225,35,56.42075658,0.66869998,1,1,France,France,0,0
2007,GHA,452,Ghana,0,8,5,5,10.41592667,26057135219,7.361046517,22963946,4,65.35432229,0.459100008,3,3,Ghana,Ghana,0,0
2007,GRC,350,Greece,1,10,5,5,11.52121787,332000000000,7.043302259,11048473,44,57.52437422,0.694999993,3,3,Greece,Greece,1,0
2007,GTM,90,Guatemala,1,8,6,5,10.58776362,38704692057,7.136730933,13700327,20,67.89849678,0.451000005,2,3,Guatemala,Guatemala,0,0
2007,HUN,310,Hungary,0,10,6,7,11.14038861,138000000000,7.002415763,10055780,49,155.346865,0.871599972,2,1,Hungary,Hungary,0,0
2007,IND,750,India,1,9,0,0,12.14268349,1390000000000,9.073061638,1183209472,684,45.68626868,0.689400017,8,8,India,India,0,1
2007,ITA,325,Italy/Sardinia,1,10,6,6,12.34958055,2240000000000,7.766697648,58438310,28,55.06145563,0.694100022,2,2,Italy,Italy,1,1
2007,MAR,600,Morocco,1,-6,4,4,10.91018936,81318500634,7.493648639,31163673,3,78.48717434,0.299299985,4,4,Morocco,Morocco,0,0
2007,MEX,70,Mexico,1,8,2,1,12.02137125,1050000000000,8.038105307,109170502,95,56.79527936,0.490799993,6,7,Mexico,Mexico,0,1
2007,MOZ,541,Mozambique,1,5,4,5,9.960392751,9128359829,7.335925363,21673316,2,63.19257388,0.311699986,4,3,Mozambique,Mozambique,0,0
2007,MYS,820,Malaysia,1,3,4,4,11.36159375,230000000000,7.426842468,26720370,47,192.4655064,0.415600002,4,4,Malaysia,Malaysia,0,1
2007,NGA,475,Nigeria,1,4,2,2,11.46489176,292000000000,8.165362982,146339977,33,39.33693151,0.307300001,6,6,Nigeria,Nigeria,0,0
2007,NPL,790,Nepal,1,6,3,0,10.13877467,13764950914,7.42131728,26382581,112,44.57927502,0.453399986,5,8,Nepal,Nepal,0,1
2007,SLV,92,El Salvador,1,7,4,5,10.25503713,17990247173,6.785743286,6105810,5,77.62105193,0.429899991,4,3,El Salvador,El Salvador,0,0
2007,SWE,380,Sweden,0,10,7,7,11.68866716,488000000000,6.961330524,9148092,0,89.40448032,0.966499984,1,1,Sweden,Sweden,0,1
2007,TCD,483,Chad,1,-2,4,2,9.941475388,8739274637,7.034147941,10818024,0,84.73102386,0.028100001,4,6,Chad,Chad,0,0
2007,TMP,860,East Timor,1,7,5,6,9.593042564,3917802729,6.015524052,1036392,15,138.6680339,0.6875,3,2,Timor-Leste,Timor-Leste,0,0
2007,USA,2,United States of America,0,10,5,4,13.17662078,15000000000000,8.478899962,301231207,0,27.95580207,0.985099971,3,4,United States,USA,1,1
2007,VEN,101,Venezuela,1,5,2,2,11.59291698,392000000000,7.435328415,27247610,91,56.19909548,0.335399985,6,6,Venezuela,Venezuela,0,1
2008,ARG,160,Argentina,1,8,5,6,11.61159268,409000000000,7.602929447,40080160,28,40.40267338,0.481999993,3,2,Argentina,Argentina,0,1
2008,AUS,900,Australia,0,10,7,7,12.04201998,1100000000000,7.327342584,21249200,116,42.8703327,0.979799986,1,1,Australia,Australia,0,1
2008,AUT,305,Austria,0,10,7,7,11.60192643,400000000000,6.920201409,8321496,6,102.0736827,0.961000025,1,1,Austria,Austria,0,1
2008,BEL,211,Belgium,0,8,7,8,11.67870226,477000000000,7.029788376,10709973,5,161.0884478,0.946799994,1,0,Belgium,Belgium,0,1
2008,BEN,434,Benin,1,7,6,5,9.824602128,6677319053,6.939365525,8696921,1,56.49791804,0.393400013,2,3,Benin,Benin,0,1
2008,BGD,771,Bangladesh,1,-6,1,0,11.01682867,104000000000,8.159278872,144304167,43,42.62091403,0.2403,7,8,Bangladesh,Bangladesh,0,0
2008,BGR,355,Bulgaria,1,9,6,6,10.71438469,51806552051,6.874630287,7492561,13,124.8448579,0.611500025,2,2,Bulgaria,Bulgaria,0,0
2008,BHR,692,Bahrain,1,-7,6,6,10.38082442,24033909574,6.047135014,1114641,10,145.882662,0.218400002,2,2,Bahrain,Bahrain,0,0
2008,BRA,140,Brazil,1,8,4,4,12.31319418,2060000000000,8.283369901,192030362,31,27.25756942,0.514100015,4,4,Brazil,Brazil,0,1
2008,BWA,571,Botswana,1,8,6,7,10.10564653,12754003367,6.28231367,1915639,2,96.71591034,0.920599997,2,1,Botswana,Botswana,0,1
2008,CAF,482,Central African Republic,1,-1,3,3,9.275077381,1883984742,6.63077009,4273366,0,34.43752181,0.196799994,5,5,Central African Republic,Cent. Af. Rep.,0,0
2008,CAN,20,Canada,0,10,6,6,12.20747279,1610000000000,7.521754005,33247118,11,67.19054669,0.977199972,2,2,Canada,Canada,0,1
2008,CHL,155,Chile,1,10,5,7,11.32170611,210000000000,7.222931173,16708258,56,80.78977343,0.926500022,3,1,Chile,Chile,0,0
2008,CIV,437,Cote D<U+0092>Ivoire,1,0,3,3,10.37335757,23624224724,7.292379451,19605569,7,87.27485334,0.246000007,5,5,Ivory Coast,Cote d'Ivoire,0,0
2008,COL,100,Colombia,1,7,0,0,11.43283786,271000000000,7.6459621,44254975,23,39.24449593,0.420899987,8,8,Colombia,Colombia,0,1
2008,CUB,40,Cuba,0,-7,4,3,10.79188337,61927474920,7.05064926,11236971,9,44.91722075,0.168200001,4,5,Cuba,Cuba,0,0
2008,CZE,316,Czech Republic,0,9,7,7,11.32858345,213000000000,7.016389898,10384603,17,124.2888316,0.664200008,1,1,Czech Republic,Czech Rep.,0,1
2008,DEU,255,German Federal Republic,1,10,7,8,12.53870817,3460000000000,7.914396565,82110097,0,81.52480473,0.973200023,1,0,Germany,FRG/Germany,0,1
2008,DOM,42,Dominican Republic,1,8,4,4,10.69239065,49248232211,6.975802754,9458075,3,61.39205309,0.469199985,4,4,Dominican Republic,Dom. Rep.,0,0
2008,ECU,130,Ecuador,1,5,4,4,10.82483085,66808366776,7.162437116,14535739,8,68.05694738,0.433699995,4,4,Ecuador,Ecuador,0,0
2008,EGY,651,Egypt,1,-3,2,3,11.29858674,199000000000,7.901109869,79636079,51,71.68062535,0.279900014,6,5,Egypt,Egypt,0,0
2008,ESP,230,Spain,0,10,6,5,12.16846213,1470000000000,7.662324322,45954106,24,55.98333004,0.915000021,2,3,Spain,Spain,1,1
2008,FRA,220,France,1,9,6,7,12.42630952,2670000000000,7.808717134,64374984,24,57.39708289,0.661800027,2,1,France,France,1,1
2008,GEO,372,Georgia,0,6,5,4,10.07772954,11959954745,6.585285736,3848449,71,87.02333171,0.370099992,3,4,Georgia,Georgia,1,0
2008,GHA,452,Ghana,0,8,5,5,10.45394961,28441310710,7.372245789,23563825,5,69.51422561,0.467400014,3,3,Ghana,Ghana,0,0
2008,GRC,350,Greece,1,10,4,5,11.51975976,331000000000,7.044455127,11077841,204,59.32971572,0.684800029,4,3,Greece,Greece,1,0
2008,GTM,90,Guatemala,1,8,6,6,10.60178439,39974623905,7.146327393,14006428,9,64.12522745,0.460099995,2,2,Guatemala,Guatemala,0,0
2008,HUN,310,Hungary,0,10,7,6,11.14496008,140000000000,7.001655325,10038188,28,158.1952772,0.876600027,1,2,Hungary,Hungary,0,0
2008,IND,750,India,1,9,0,0,12.15588539,1430000000000,9.079423574,1200669765,987,53.36822044,0.691600025,8,8,India,India,0,1
2008,ITA,325,Italy/Sardinia,1,10,7,6,12.34538353,2220000000000,7.769574715,58826731,40,54.4928758,0.689199984,1,2,Italy,Italy,1,1
2008,MEX,70,Mexico,1,8,2,2,12.02631259,1060000000000,8.044599613,110815271,55,57.77703093,0.4912,6,6,Mexico,Mexico,0,1
2008,MOZ,541,Mozambique,1,5,5,4,9.990948484,9793738055,7.347848829,22276596,9,62.2550663,0.310900003,3,4,Mozambique,Mozambique,0,0
2008,MYS,820,Malaysia,1,6,4,4,11.38208732,241000000000,7.435143421,27236006,22,176.6683248,0.412600011,4,4,Malaysia,Malaysia,0,1
2008,NGA,475,Nigeria,1,4,2,2,11.49331861,311000000000,8.176871197,150269623,27,40.79683535,0.315400004,6,6,Nigeria,Nigeria,0,0
2008,SGP,830,Singapore,0,-2,7,7,11.32043918,209000000000,6.684791161,4839396,7,437.3267149,0.369300008,1,1,Singapore,Singapore,0,0
2008,SLV,92,El Salvador,1,7,5,4,10.26606107,18452748847,6.787585431,6131764,1,80.66597394,0.433999985,3,4,El Salvador,El Salvador,0,0
2008,TCD,483,Chad,1,-2,2,4,9.954534727,9006057734,7.048581159,11183588,0,80.28966642,0.029200001,6,4,Chad,Chad,0,0
2008,USA,2,United States of America,0,10,6,5,13.17602756,15000000000000,8.483007803,304093966,0,29.88679806,0.984700024,2,3,United States,USA,1,1
2008,VEN,101,Venezuela,1,5,3,2,11.61525441,412000000000,7.441472544,27635832,14,51.82901238,0.324400008,5,6,Venezuela,Venezuela,0,1
2009,ARG,160,Argentina,1,8,5,5,11.58509622,385000000000,7.607270414,40482788,23,34.05712691,0.496600002,3,3,Argentina,Argentina,0,1
2009,AUS,900,Australia,0,10,6,7,12.05034882,1120000000000,7.336293589,21691700,98,45.79790421,0.978600025,2,1,Australia,Australia,0,1
2009,AUT,305,Austria,0,10,7,7,11.58526102,385000000000,6.921339057,8343323,4,87.06223097,0.957499981,1,1,Austria,Austria,0,1
2009,BEN,434,Benin,1,7,5,6,9.834602136,6832853927,6.951566168,8944708,5,51.84701003,0.40959999,3,2,Benin,Benin,0,1
2009,BGR,355,Bulgaria,1,9,6,6,10.69852413,49948693651,6.871832209,7444443,26,92.94110232,0.632099986,2,2,Bulgaria,Bulgaria,0,0
2009,BHR,692,Bahrain,1,-7,7,6,10.39171992,24644494681,6.073746203,1185076,8,117.9637254,0.217500001,1,2,Bahrain,Bahrain,0,0
2009,BLR,370,Belarus (Byelorussia),1,-7,3,4,10.73576796,54421180122,6.978032759,9506765,6,108.6356448,0.139699996,5,4,Belarus,Belarus,0,0
2009,BRA,140,Brazil,1,8,3,4,12.31264695,2050000000000,8.287547589,193886508,31,22.1059756,0.514699996,5,4,Brazil,Brazil,0,1
2009,BWA,571,Botswana,1,8,6,6,10.07107256,11778027466,6.290812971,1953498,3,86.68601991,0.916800022,2,2,Botswana,Botswana,0,1
2009,CAF,482,Central African Republic,1,-1,2,3,9.310856258,2045767418,6.637252003,4337625,0,31.49424649,0.207699999,6,5,Central African Republic,Cent. Af. Rep.,0,0
2009,CAN,20,Canada,0,10,8,6,12.19456706,1570000000000,7.526712597,33628895,11,58.62246509,0.974799991,0,2,Canada,Canada,0,1
2009,CIV,437,Cote D<U+0092>Ivoire,1,0,3,3,10.38725374,24392355457,7.302312461,20059147,3,90.77922973,0.255499989,5,5,Ivory Coast,Cote d'Ivoire,0,0
2009,COL,100,Colombia,1,7,1,0,11.43804052,274000000000,7.650793564,44750054,6,35.1416989,0.442099988,7,8,Colombia,Colombia,0,1
2009,CUB,40,Cuba,0,-7,4,4,10.79814101,62826231727,7.050252466,11226709,3,32.91398196,0.178299993,4,4,Cuba,Cuba,0,0
2009,CZE,316,Czech Republic,0,9,7,7,11.30720927,203000000000,7.018864202,10443936,2,113.4927688,0.675499976,1,1,Czech Republic,Czech Rep.,0,1
2009,DEU,255,German Federal Republic,1,10,8,7,12.51323225,3260000000000,7.913296135,81902307,0,71.2287129,0.971800029,0,1,Germany,FRG/Germany,0,1
2009,DOM,42,Dominican Republic,1,8,4,4,10.69648043,49714196906,6.981217561,9576737,7,50.61228261,0.4736,4,4,Dominican Republic,Dom. Rep.,0,0
2009,ECU,130,Ecuador,1,5,4,4,10.82728415,67186830557,7.169510558,14774424,12,52.10484902,0.421499997,4,4,Ecuador,Ecuador,0,0
2009,EGY,651,Egypt,1,-3,2,2,11.3184244,208000000000,7.909207159,81134798,39,56.55344464,0.26910001,6,6,Egypt,Egypt,0,0
2009,ESP,230,Spain,0,10,6,6,12.15180178,1420000000000,7.666171024,46362946,19,46.99487433,0.910600007,2,2,Spain,Spain,1,1
2009,FRA,220,France,1,9,7,6,12.4136484,2590000000000,7.810951534,64707040,70,50.46245085,0.649299979,1,2,France,France,1,1
2009,GEO,372,Georgia,0,6,6,5,10.06157894,11523354924,6.581428397,3814419,171,78.67341988,0.375200003,2,3,Georgia,Georgia,1,0
2009,GHA,452,Ghana,0,8,5,5,10.47449521,29819146310,7.38329354,24170940,1,71.59473853,0.479099989,3,3,Ghana,Ghana,0,0
2009,GRC,350,Greece,1,10,5,4,11.50066726,317000000000,7.045597437,11107017,115,47.74384654,0.692499995,3,4,Greece,Greece,1,0
2009,GTM,90,Guatemala,1,8,6,6,10.60406297,40184907609,7.155829668,14316263,10,57.10599333,0.475300014,2,2,Guatemala,Guatemala,0,0
2009,HUN,310,Hungary,0,10,7,7,11.11484441,130000000000,7.000982565,10022650,14,144.7680732,0.883099973,1,1,Hungary,Hungary,0,0
2009,IND,750,India,1,9,0,0,12.18875417,1540000000000,9.085549656,1217726215,732,46.27286964,0.695800006,8,8,India,India,0,1
2009,ITA,325,Italy/Sardinia,1,10,5,7,12.32181997,2100000000000,7.771553419,59095365,33,45.41876179,0.694199979,3,1,Italy,Italy,1,1
2009,MAR,600,Morocco,1,-6,5,4,10.95323083,89790590993,7.5041865,31929087,2,67.91510295,0.301200002,3,4,Morocco,Morocco,0,0
2009,MEX,70,Mexico,1,8,3,2,12.00272747,1010000000000,8.05101309,112463887,64,55.96776976,0.493900001,5,6,Mexico,Mexico,0,1
2009,MOZ,541,Mozambique,1,5,5,5,10.0175381,10412094590,7.359735147,22894710,3,64.94944903,0.311699986,3,3,Mozambique,Mozambique,0,0
2009,MYS,820,Malaysia,1,6,5,4,11.37546425,237000000000,7.443028797,27735040,47,162.5589705,0.409200013,3,4,Malaysia,Malaysia,0,1
2009,NGA,475,Nigeria,1,4,1,2,11.52689084,336000000000,8.188436097,154324933,35,36.05871041,0.335700005,7,6,Nigeria,Nigeria,0,0
2009,SLV,92,El Salvador,1,8,5,5,10.25690533,18067802272,6.789417539,6157686,0,66.07119117,0.441900015,3,3,El Salvador,El Salvador,0,0
2009,TCD,483,Chad,1,-2,2,2,9.972476193,9385905830,7.062963357,11560147,0,77.10946437,0.030400001,6,6,Chad,Chad,0,0
2009,USA,2,United States of America,0,10,5,6,13.16486716,14600000000000,8.486815051,306771529,0,24.64156346,0.984200001,3,2,United States,USA,1,1
2009,VEN,101,Venezuela,1,-3,3,3,11.60111981,399000000000,7.447638731,28031009,45,38.52092966,0.312400013,5,5,Venezuela,Venezuela,0,1
2010,AUS,900,Australia,0,10,7,6,12.05923767,1150000000000,7.343048995,22031750,77,40.64967173,0.976999998,1,2,Australia,Australia,0,1
2010,AUT,305,Austria,0,10,7,7,11.59316751,392000000000,6.922383076,8363404,0,99.01979624,0.953599989,1,1,Austria,Austria,0,1
2010,BEL,211,Belgium,0,8,7,7,11.68210174,481000000000,7.0372505930000004,10895586,9,149.9976731,0.939499974,1,1,Belgium,Belgium,0,1
2010,BEN,434,Benin,1,7,4,5,9.84367126,6977040762,6.963752846,9199259,2,56.63994105,0.431699991,4,3,Benin,Benin,0,1
2010,BGR,355,Bulgaria,1,9,5,6,10.70423684,50610058210,6.868973355,7395599,2,103.2072466,0.651799977,3,2,Bulgaria,Bulgaria,0,0
2010,BHR,692,Bahrain,1,-5,5,7,10.41015733,25713271277,6.093722785,1240860,4,120.4723945,0.216199994,3,1,Bahrain,Bahrain,0,0
2010,BLR,370,Belarus (Byelorussia),1,-7,2,3,10.76837973,58665088956,6.977292892,9490583,41,113.0675033,0.144899994,6,5,Belarus,Belarus,0,0
2010,BRA,140,Brazil,1,8,4,3,12.34417016,2210000000000,8.291621083,195713635,14,22.77217811,0.52609998,4,5,Brazil,Brazil,0,1
2010,BWA,571,Botswana,1,8,7,6,10.10675693,12786654366,6.298220816,1987105,1,94.89979632,0.911199987,1,2,Botswana,Botswana,0,1
2010,CAF,482,Central African Republic,1,-1,2,2,9.33051588,2140503193,6.642144667,4386768,0,34.43048195,0.219699994,6,6,Central African Republic,Cent. Af. Rep.,0,0
2010,CAN,20,Canada,0,10,6,8,12.20777974,1610000000000,7.531541362,34004889,55,60.34993632,0.97329998,2,0,Canada,Canada,0,1
2010,CHL,155,Chile,1,10,7,5,11.33952696,219000000000,7.232043581,17062536,14,69.063716,0.903100014,1,3,Chile,Chile,0,0
2010,CIV,437,Cote D<U+0092>Ivoire,1,0,2,3,10.39592901,24884505035,7.31245135,20532950,55,93.95943422,0.273600012,6,5,Ivory Coast,Cote d'Ivoire,0,0
2010,COL,100,Colombia,1,7,1,1,11.45652393,286000000000,7.655356488,45222700,5,34.32010548,0.469799995,7,7,Colombia,Colombia,0,1
2010,CUB,40,Cuba,0,-7,4,4,10.80840005,64300000000,7.050218539,11225832,14,40.2919413,0.189400002,4,4,Cuba,Cuba,0,0
2010,CZE,316,Czech Republic,0,9,8,7,11.31697205,207000000000,7.020129569,10474410,4,128.9670771,0.702000022,0,1,Czech Republic,Czech Rep.,0,1
2010,DEU,255,German Federal Republic,1,10,7,8,12.53101244,3400000000000,7.912630803,81776930,0,79.86862424,0.969500005,1,0,Germany,FRG/Germany,0,1
2010,DOM,42,Dominican Republic,1,8,4,4,10.73126786,53860187453,6.986553234,9695121,3,55.99993607,0.484400004,4,4,Dominican Republic,Dom. Rep.,0,0
2010,ECU,130,Ecuador,1,5,5,4,10.84233065,69555367000,7.17641301,15011117,38,60.30323871,0.415499985,3,4,Ecuador,Ecuador,0,0
2010,EGY,651,Egypt,1,-3,3,2,11.34022195,219000000000,7.917826963,82761235,121,47.93635007,0.263599992,5,6,Egypt,Egypt,0,0
2010,ESP,230,Spain,0,10,7,6,12.15250849,1420000000000,7.668170552,46576897,14,52.92824056,0.899200022,1,2,Spain,Spain,0,1
2010,FRA,220,France,1,9,7,7,12.42203307,2640000000000,7.813097105,65027507,69,54.86779108,0.632600009,1,1,France,France,1,1
2010,GEO,372,Georgia,0,6,3,6,10.08790578,12243505583,6.578260326,3786695,18,82.89859589,0.382600009,5,2,Georgia,Georgia,1,0
2010,GHA,452,Ghana,0,8,4,5,10.50751549,32174772956,7.394094625,24779619,4,75.37781579,0.490799993,4,3,Ghana,Ghana,0,0
2010,GRC,350,Greece,1,10,6,5,11.47619667,299000000000,7.046157157,11121341,200,52.82909793,0.724399984,2,3,Greece,Greece,1,0
2010,GTM,90,Guatemala,1,8,6,6,10.61634955,41338008613,7.165256705,14630417,3,62.11493227,0.491899997,2,2,Guatemala,Guatemala,0,0
2010,HUN,310,Hungary,0,10,6,7,11.11772193,131000000000,7.000000999,10000023,1,158.2043044,0.880800009,2,1,Hungary,Hungary,0,0
2010,IND,750,India,1,9,0,0,12.22417554,1680000000000,9.091414104,1234281170,755,49.2552065,0.700200021,8,8,India,India,0,1
2010,ITA,325,Italy/Sardinia,1,10,7,5,12.32919849,2130000000000,7.772889271,59277417,104,52.00618837,0.70539999,1,3,Italy,Italy,1,1
2010,MAR,600,Morocco,1,-6,4,5,10.96949394,93216746662,7.509785524,32343389,19,75.24763454,0.308499992,4,3,Morocco,Morocco,0,0
2010,MEX,70,Mexico,1,8,3,3,12.02440356,1060000000000,8.057258859,114092963,59,60.76031847,0.497599989,5,5,Mexico,Mexico,0,1
2010,MOZ,541,Mozambique,1,5,5,5,10.04483939,11087646868,7.371650978,23531574,28,70.78703629,0.314700007,3,3,Mozambique,Mozambique,0,0
2010,NPL,790,Nepal,1,6,2,3,10.20419208,16002656434,7.431576227,27013212,31,45.98490577,0.525099993,6,5,Nepal,Nepal,0,1
2010,PHL,840,Philippines,0,8,1,1,11.30014095,200000000000,7.972974345,93966780,5,71.41949026,0.519500017,7,7,Philippines,Philippines,1,1
2010,SDN,625,Sudan,1,-2,1,1,10.8171296,65634109237,7.53838536,34545013,36,36.97560936,0.125599995,7,7,Sudan,Sudan,0,1
2010,SGP,830,Singapore,0,-2,7,8,11.37986548,240000000000,6.705584238,5076732,0,369.6855558,0.341899991,1,0,Singapore,Singapore,0,0
2010,SLV,92,El Salvador,1,8,5,5,10.26594929,18400000000,6.791260702,6183875,4,73.53696878,0.451400012,3,3,El Salvador,El Salvador,0,0
2010,TCD,483,Chad,1,-2,4,2,10.02766372,10657705536,7.077445526,11952136,0,80.39070929,0.031500001,4,6,Chad,Chad,0,0
2010,USA,2,United States of America,0,10,6,5,13.17586247,15000000000000,8.490416545,309326085,0,28.05795228,0.983799994,2,3,United States,USA,1,1
2010,VEN,101,Venezuela,1,-3,2,3,11.59460467,393000000000,7.453928676,28439940,26,46.13689352,0.308999985,6,5,Venezuela,Venezuela,0,1
